image_name,labels
2024_08_18_17_37_25_601_-0400_1280x1280.left-region.jpg,zona-escolar
2024_08_18_17_40_54_602_-0400_1280x1280.left-region.jpg,zona-escolar
2024_08_18_17_40_54_602_-0400_1280x1280.left-region.jpg,prohibido-girar-izquierda
2024_08_18_17_40_55_571_-0400_1280x1280.left-region.jpg,prohibido-girar-izquierda
2024_08_18_17_40_55_571_-0400_1280x1280.left-region.jpg,zona-escolar
2024_08_18_17_40_57_532_-0400_1280x1280.left-region.jpg,prohibido-girar-izquierda
2024_08_18_17_42_10_543_-0400_1280x1280.right-region.jpg,limite-velocidad-40
2024_08_18_17_42_27_608_-0400 (20 Km)_1280x1280.left-region.jpg,limite-velocidad-20
2024_08_18_17_42_27_608_-0400_1280x1280.left-region.jpg,limite-velocidad-20
2024_08_18_19_03_56_772_-0400_1280x1280.left-region.jpg,zona-escolar
2024_09_08_17_08_57_158_-0400_1280x1280.left-region.jpg,zona-escolar
2024_09_08_17_08_57_158_-0400_1280x1280.left-region.jpg,prohibido-girar-izquierda
2024_09_08_17_08_59_088_-0400_1280x1280.left-region.jpg,zona-escolar
2024_09_08_17_08_59_088_-0400_1280x1280.left-region.jpg,prohibido-girar-izquierda
2024_09_08_17_09_00_186_-0400_1280x1280.left-region.jpg,prohibido-girar-izquierda
2024_09_08_17_09_38_160_-0400_1280x1280.right-region.jpg,limite-velocidad-40
2024_09_08_17_09_39_160_-0400_1280x1280.right-region.jpg,limite-velocidad-40
2024_09_08_17_09_40_206_-0400_1280x1280.right-region.jpg,limite-velocidad-40
2024_09_08_17_09_41_174_-0400_1280x1280.right-region.jpg,limite-velocidad-40
2024_09_08_17_15_36_145_-0400_1280x1280.left-region.jpg,prohibido-girar-izquierda
2024_09_08_17_16_22_136_-0400_1280x1280.left-region.jpg,prohibido-girar-izquierda
2024_09_08_17_16_24_168_-0400_1280x1280.left-region.jpg,prohibido-girar-izquierda
2024_09_08_17_16_57_190_-0400_1280x1280.left-region.jpg,prohibido-girar-izquierda
2024_09_08_17_18_07_103_-0400_1280x1280.left-region.jpg,prohibido-girar-izquierda
2024_09_08_17_25_07_113_-0400_1280x1280.right-region.jpg,zona-escolar
2024_09_08_17_25_08_167_-0400_1280x1280.right-region.jpg,zona-escolar
2024_09_08_17_27_55_195_-0400_1280x1280.left-region.jpg,zona-escolar
2024_09_08_17_27_56_162_-0400_1280x1280.left-region.jpg,zona-escolar
2024_09_08_17_27_58_123_-0400_1280x1280.left-region.jpg,zona-escolar
2024_09_08_17_28_05_173_-0400_1280x1280.right-region.jpg,zona-escolar
2024_09_08_17_28_08_168_-0400_1280x1280.right-region.jpg,zona-escolar
2024_09_08_17_33_11_189_-0400_1280x1280.left-region.jpg,prohibido-girar-izquierda
2024_09_08_17_33_13_123_-0400_1280x1280.left-region.jpg,prohibido-girar-izquierda
2024_09_08_17_35_32_169_-0400_1280x1280.left-region.jpg,prohibido-girar-izquierda
2024_09_08_17_40_13_158_-0400_1280x1280.left-region.jpg,zona-escolar
2024_09_08_17_42_17_148_-0400_1280x1280.left-region.jpg,prohibido-girar-izquierda
2024_09_08_17_42_19_147_-0400_1280x1280.left-region.jpg,prohibido-girar-izquierda
2024_09_08_17_42_57_096_-0400_1280x1280.left-region.jpg,prohibido-girar-izquierda
2024_09_08_17_43_04_158_-0400_1280x1280.left-region.jpg,prohibido-girar-izquierda
2024_09_08_17_43_07_191_-0400_1280x1280.left-region.jpg,prohibido-girar-izquierda
2024_09_08_17_43_08_142_-0400_1280x1280.left-region.jpg,prohibido-girar-izquierda
2024_09_08_17_46_32_087_-0400_1280x1280.left-region.jpg,zona-escolar
2024_09_08_17_46_33_153_-0400_1280x1280.left-region.jpg,zona-escolar
2024_09_08_17_46_33_153_-0400_1280x1280.right-region.jpg,zona-escolar
2024_09_08_17_46_35_116_-0400_1280x1280.right-region.jpg,zona-escolar
2024_09_08_17_46_36_082_-0400_1280x1280.right-region.jpg,zona-escolar
2024_09_08_17_46_37_183_-0400_1280x1280.right-region.jpg,zona-escolar
2024_09_08_17_51_25_190_-0400_1280x1280.left-region.jpg,zona-escolar
2024_09_08_17_51_25_190_-0400_1280x1280.right-region.jpg,zona-escolar
2024_09_08_17_51_26_155_-0400_1280x1280.right-region.jpg,zona-escolar
2024_09_08_17_51_27_172_-0400_1280x1280.left-region.jpg,zona-escolar
2024_09_08_17_51_28_139_-0400_1280x1280.left-region.jpg,zona-escolar
2024_09_08_17_51_28_139_-0400_1280x1280.right-region.jpg,zona-escolar
2024_09_08_17_51_29_102_-0400_1280x1280.right-region.jpg,zona-escolar
2024_09_08_17_51_30_120_-0400_1280x1280.right-region.jpg,zona-escolar
2024_09_08_17_51_31_131_-0400_1280x1280.right-region.jpg,zona-escolar
2024_09_08_17_55_04_089_-0400_1280x1280.left-region.jpg,prohibido-girar-izquierda
2024_09_08_18_23_51_114_-0400_1280x1280.left-region.jpg,zona-escolar
2024_09_08_18_23_53_147_-0400_1280x1280.left-region.jpg,zona-escolar
2024_09_08_18_23_54_142_-0400_1280x1280.left-region.jpg,zona-escolar
2024_09_08_18_27_28_147_-0400_1280x1280.left-region.jpg,prohibido-girar-u
2024_09_09_09_12_42_278_-0400_1280x1280.left-region.jpg,zona-escolar
2024_09_09_09_12_42_278_-0400_1280x1280.left-region.jpg,prohibido-girar-izquierda
2024_09_09_09_12_42_278_-0400_1280x1280.right-region.jpg,zona-escolar
2024_09_09_09_12_42_278_-0400_1280x1280.right-region.jpg,prohibido-girar-izquierda
2024_09_09_09_12_43_353_-0400_1280x1280.right-region.jpg,zona-escolar
2024_09_09_09_12_43_353_-0400_1280x1280.right-region.jpg,prohibido-girar-izquierda
2024_09_09_09_12_44_286_-0400_1280x1280.left-region.jpg,prohibido-girar-izquierda
2024_09_09_09_12_44_286_-0400_1280x1280.left-region.jpg,zona-escolar
2024_09_09_09_12_44_286_-0400_1280x1280.right-region.jpg,zona-escolar
2024_09_09_09_12_44_286_-0400_1280x1280.right-region.jpg,prohibido-girar-izquierda
2024_09_09_09_12_45_353_-0400_1280x1280.left-region.jpg,prohibido-girar-izquierda
2024_09_09_09_12_45_353_-0400_1280x1280.left-region.jpg,zona-escolar
2024_09_09_09_12_45_353_-0400_1280x1280.right-region.jpg,zona-escolar
2024_09_09_09_12_45_353_-0400_1280x1280.right-region.jpg,prohibido-girar-izquierda
2024_09_09_09_12_47_283_-0400_1280x1280.left-region.jpg,zona-escolar
2024_09_09_09_12_47_283_-0400_1280x1280.left-region.jpg,prohibido-girar-izquierda
2024_09_09_09_12_47_283_-0400_1280x1280.right-region.jpg,prohibido-girar-izquierda
2024_09_09_09_12_48_347_-0400_1280x1280.right-region.jpg,prohibido-girar-izquierda
2024_09_09_09_12_50_245_-0400_1280x1280.right-region.jpg,prohibido-girar-izquierda
2024_09_09_09_12_54_243_-0400_1280x1280.left-region.jpg,prohibido-girar-izquierda
2024_09_09_09_12_55_305_-0400_1280x1280.left-region.jpg,prohibido-girar-izquierda
2024_09_09_09_13_52_347_-0400_1280x1280.right-region.jpg,limite-velocidad-40
2024_09_09_09_13_54_265_-0400_1280x1280.right-region.jpg,limite-velocidad-40
2024_09_09_09_14_14_327_-0400_1280x1280.left-region.jpg,limite-velocidad-20
2024_09_09_09_14_15_293_-0400_1280x1280.left-region.jpg,limite-velocidad-20
2024_09_09_09_14_16_362_-0400_1280x1280.left-region.jpg,limite-velocidad-20
2024_09_09_09_14_17_324_-0400_1280x1280.left-region.jpg,limite-velocidad-20
2024_09_09_09_20_52_342_-0400_1280x1280.right-region.jpg,prohibido-girar-izquierda
2024_09_09_09_21_42_268_-0400_1280x1280.left-region.jpg,prohibido-girar-izquierda
2024_09_09_09_21_42_268_-0400_1280x1280.right-region.jpg,prohibido-girar-izquierda
2024_09_09_09_21_43_336_-0400_1280x1280.left-region.jpg,prohibido-girar-izquierda
2024_09_09_09_21_43_336_-0400_1280x1280.right-region.jpg,prohibido-girar-izquierda
2024_09_09_09_21_46_297_-0400_1280x1280.left-region.jpg,zona-escolar
2024_09_09_09_21_46_297_-0400_1280x1280.left-region.jpg,prohibido-girar-izquierda
2024_09_09_09_21_46_297_-0400_1280x1280.right-region.jpg,prohibido-girar-izquierda
2024_09_09_09_21_48_264_-0400_1280x1280.right-region.jpg,prohibido-girar-izquierda
2024_09_09_09_21_52_275_-0400_1280x1280.left-region.jpg,prohibido-girar-izquierda
2024_09_09_09_22_19_315_-0400_1280x1280.left-region.jpg,prohibido-girar-izquierda
2024_09_09_09_22_21_281_-0400_1280x1280.left-region.jpg,prohibido-girar-izquierda
2024_09_09_09_22_21_281_-0400_1280x1280.right-region.jpg,prohibido-girar-izquierda
2024_09_09_09_22_22_279_-0400_1280x1280.left-region.jpg,prohibido-girar-izquierda
2024_09_09_09_22_22_279_-0400_1280x1280.right-region.jpg,prohibido-girar-izquierda
2024_09_09_09_22_25_274_-0400_1280x1280.left-region.jpg,prohibido-girar-izquierda
2024_09_09_09_22_27_304_-0400_1280x1280.left-region.jpg,prohibido-girar-izquierda
2024_09_09_09_22_28_338_-0400_1280x1280.left-region.jpg,prohibido-girar-izquierda
2024_09_09_09_23_39_264_-0400_1280x1280.left-region.jpg,prohibido-girar-izquierda
2024_09_09_09_29_10_252_-0400_1280x1280.right-region.jpg,zona-escolar
2024_09_09_09_29_11_319_-0400_1280x1280.right-region.jpg,zona-escolar
2024_09_09_09_29_13_321_-0400_1280x1280.right-region.jpg,zona-escolar
2024_09_09_09_29_14_281_-0400_1280x1280.right-region.jpg,zona-escolar
2024_09_09_09_29_15_280_-0400_1280x1280.right-region.jpg,zona-escolar
2024_09_09_09_29_16_249_-0400_1280x1280.right-region.jpg,zona-escolar
2024_09_09_11_46_14_219_-0400_1280x1280.left-region.jpg,zona-escolar
2024_09_09_11_46_14_219_-0400_1280x1280.left-region.jpg,prohibido-girar-izquierda
2024_09_09_11_46_15_254_-0400_1280x1280.right-region.jpg,prohibido-girar-izquierda
2024_09_09_11_46_16_249_-0400_1280x1280.left-region.jpg,prohibido-girar-izquierda
2024_09_09_13_14_22_267_-0400_1280x1280.left-region.jpg,limite-velocidad-40
2024_09_09_13_14_23_305_-0400 (40 Km)_1280x1280.left-region.jpg,limite-velocidad-40
2024_09_09_13_14_23_305_-0400_1280x1280.left-region.jpg,limite-velocidad-40
2024_09_09_13_16_05_275_-0400_1280x1280.right-region.jpg,zona-escolar
2024_09_09_13_16_07_171_-0400_1280x1280.left-region.jpg,zona-escolar
2024_09_09_13_16_07_171_-0400_1280x1280.left-region.jpg,zona-escolar
2024_09_09_13_16_07_171_-0400_1280x1280.right-region.jpg,zona-escolar
2024_09_09_13_16_08_240_-0400_1280x1280.left-region.jpg,zona-escolar
2024_09_09_13_16_08_240_-0400_1280x1280.left-region.jpg,zona-escolar
2024_09_09_13_16_08_240_-0400_1280x1280.right-region.jpg,zona-escolar
2024_09_09_13_16_09_273_-0400_1280x1280.right-region.jpg,zona-escolar
2024_09_09_13_16_10_236_-0400_1280x1280.left-region.jpg,zona-escolar
2024_09_09_13_16_10_236_-0400_1280x1280.left-region.jpg,zona-escolar
2024_09_09_13_16_10_236_-0400_1280x1280.right-region.jpg,zona-escolar
2024_09_09_13_16_11_206_-0400_1280x1280.right-region.jpg,zona-escolar
2024_09_09_13_16_38_289_-0400_1280x1280.right-region.jpg,zona-escolar
2024_09_09_13_16_41_244_-0400_1280x1280.right-region.jpg,zona-escolar
2024_09_09_13_16_43_280_-0400_1280x1280.right-region.jpg,zona-escolar
2024_09_09_13_16_45_278_-0400_1280x1280.left-region.jpg,zona-escolar
2024_09_09_13_16_48_308_-0400_1280x1280.right-region.jpg,zona-escolar
2024_09_09_13_16_55_287_-0400_1280x1280.right-region.jpg,zona-escolar
2024_09_09_13_17_19_254_-0400_1280x1280.right-region.jpg,zona-escolar
2024_09_09_13_17_21_306_-0400_1280x1280.right-region.jpg,zona-escolar
2024_09_10_12_18_18_446_-0400_1280x1280.left-region.jpg,zona-escolar
2024_09_10_12_28_34_501_-0400_1280x1280.right-region.jpg,limite-velocidad-30
2024_09_10_12_28_35_501_-0400_1280x1280.right-region.jpg,limite-velocidad-30
2024_09_10_12_29_03_485_-0400_1280x1280.right-region.jpg,zona-escolar
2024_09_10_12_29_06_503_-0400_1280x1280.right-region.jpg,zona-escolar
2024_09_10_12_29_35_503_-0400_1280x1280.left-region.jpg,zona-escolar
2024_09_10_12_29_35_503_-0400_1280x1280.right-region.jpg,zona-escolar
2024_09_10_12_29_38_499_-0400_1280x1280.left-region.jpg,zona-escolar
2024_09_10_12_29_40_497_-0400_1280x1280.left-region.jpg,zona-escolar
2024_09_10_12_31_54_513_-0400_1280x1280.left-region.jpg,zona-escolar
2024_09_10_12_31_54_513_-0400_1280x1280.right-region.jpg,zona-escolar
2024_09_10_12_32_14_457_-0400_1280x1280.left-region.jpg,zona-escolar
2024_09_10_12_32_14_457_-0400_1280x1280.right-region.jpg,zona-escolar
2024_09_10_12_32_15_532_-0400_1280x1280.left-region.jpg,zona-escolar
2024_09_10_12_32_18_560_-0400_1280x1280.left-region.jpg,zona-escolar
2024_09_10_12_32_20_493_-0400_1280x1280.right-region.jpg,zona-escolar
2024_09_10_12_32_21_560_-0400_1280x1280.right-region.jpg,zona-escolar
2024_09_10_12_32_23_526_-0400_1280x1280.right-region.jpg,zona-escolar
2024_09_10_12_32_24_489_-0400_1280x1280.right-region.jpg,zona-escolar
2024_09_11_07_22_59_275_-0400_1280x1280.right-region.jpg,limite-velocidad-30
2024_09_11_07_23_41_445_-0400_1280x1280.right-region.jpg,zona-escolar
2024_09_11_07_23_49_405_-0400_1280x1280.right-region.jpg,zona-escolar
2024_09_11_07_23_51_364_-0400_1280x1280.right-region.jpg,zona-escolar
2024_09_11_07_24_01_424_-0400_1280x1280.right-region.jpg,zona-escolar
2024_09_11_07_24_02_429_-0400_1280x1280.left-region.jpg,zona-escolar
2024_09_11_07_24_02_429_-0400_1280x1280.right-region.jpg,zona-escolar
2024_09_11_07_24_03_323_-0400_1280x1280.left-region.jpg,zona-escolar
2024_09_11_07_24_03_323_-0400_1280x1280.right-region.jpg,zona-escolar
2024_09_11_07_24_04_422_-0400_1280x1280.left-region.jpg,zona-escolar
2024_09_11_07_24_05_558_-0400_1280x1280.left-region.jpg,zona-escolar
2024_09_11_07_24_06_421_-0400_1280x1280.left-region.jpg,zona-escolar
2024_09_11_07_24_07_421_-0400_1280x1280.left-region.jpg,zona-escolar
2024_09_11_07_24_09_386_-0400_1280x1280.left-region.jpg,zona-escolar
2024_09_11_07_24_10_387_-0400_1280x1280.right-region.jpg,zona-escolar
2024_09_11_07_25_15_328_-0400_1280x1280.left-region.jpg,zona-escolar
2024_09_11_07_25_15_911_-0400_1280x1280.left-region.jpg,zona-escolar
2024_09_11_07_25_42_531_-0400_1280x1280.left-region.jpg,limite-velocidad-30
2024_09_11_07_25_45_427_-0400_1280x1280.right-region.jpg,limite-velocidad-30
2024_09_11_07_26_27_452_-0400_1280x1280.right-region.jpg,zona-escolar
2024_09_11_07_26_36_367_-0400_1280x1280.left-region.jpg,zona-escolar
2024_09_11_07_26_36_367_-0400_1280x1280.right-region.jpg,zona-escolar
2024_09_11_07_26_37_333_-0400_1280x1280.left-region.jpg,zona-escolar
2024_09_11_07_26_37_333_-0400_1280x1280.right-region.jpg,zona-escolar
2024_09_11_07_26_38_331_-0400_1280x1280.left-region.jpg,zona-escolar
2024_09_11_07_26_39_389_-0400_1280x1280.left-region.jpg,zona-escolar
2024_09_11_07_26_40_362_-0400_1280x1280.right-region.jpg,zona-escolar
2024_09_11_07_26_41_360_-0400_1280x1280.left-region.jpg,zona-escolar
2024_09_11_07_26_41_360_-0400_1280x1280.right-region.jpg,zona-escolar
2024_09_11_07_26_43_427_-0400_1280x1280.right-region.jpg,zona-escolar
2024_09_11_07_26_48_352_-0400_1280x1280.right-region.jpg,zona-escolar
2024_09_11_07_30_29_318_-0400_1280x1280.left-region.jpg,zona-escolar
2024_09_11_12_47_19_838_-0400_1280x1280.right-region.jpg,zona-escolar
2024_09_11_13_10_33_809_-0400_1280x1280.right-region.jpg,pare
2024_09_11_13_14_19_854_-0400_1280x1280.right-region.jpg,pare
2024_09_11_13_18_45_926_-0400_1280x1280.right-region.jpg,zona-escolar
2024_09_11_13_18_46_893_-0400_1280x1280.right-region.jpg,zona-escolar
2024_09_11_13_18_47_859_-0400_1280x1280.right-region.jpg,zona-escolar
2024_09_11_13_37_42_823_-0400_1280x1280.left-region.jpg,pare
2024_09_11_13_37_42_823_-0400_1280x1280.right-region.jpg,pare
2024_09_11_13_37_43_871_-0400_1280x1280.left-region.jpg,pare
2024_09_11_13_37_43_871_-0400_1280x1280.right-region.jpg,pare
2024_09_11_13_37_44_837_-0400_1280x1280.right-region.jpg,pare
2024_09_11_13_37_45_906_-0400_1280x1280.left-region.jpg,pare
2024_09_11_13_37_45_906_-0400_1280x1280.right-region.jpg,pare
2024_09_11_13_37_47_903_-0400_1280x1280.left-region.jpg,pare
2024_09_11_13_38_40_867_-0400_1280x1280.left-region.jpg,pare
2024_09_11_13_39_45_823_-0400_1280x1280.right-region.jpg,limite-velocidad-10
2024_09_11_13_39_46_889_-0400 (10 Km)_1280x1280.right-region.jpg,limite-velocidad-10
2024_09_11_13_39_46_889_-0400_1280x1280.right-region.jpg,limite-velocidad-10
2024_09_11_13_39_48_856_-0400 (10 Km)_1280x1280.right-region.jpg,limite-velocidad-10
2024_09_11_13_46_44_859_-0400_1280x1280.left-region.jpg,zona-escolar
2024_09_11_13_46_44_859_-0400_1280x1280.right-region.jpg,limite-velocidad-30
2024_09_11_14_12_47_878_-0400_1280x1280.right-region.jpg,zona-escolar
2024_09_11_14_12_51_889_-0400_1280x1280.right-region.jpg,zona-escolar
2024_09_11_14_12_52_855_-0400_1280x1280.right-region.jpg,zona-escolar
2024_09_11_14_18_58_851_-0400_1280x1280.right-region.jpg,zona-escolar
2024_09_11_14_22_47_828_-0400_1280x1280.left-region.jpg,zona-escolar
2024_09_11_14_22_47_828_-0400_1280x1280.right-region.jpg,zona-escolar
2024_09_11_14_22_47_828_-0400_1280x1280.right-region.jpg,paso-peatonal
2024_09_11_14_22_48_811_-0400_1280x1280.left-region.jpg,zona-escolar
2024_09_11_14_22_50_859_-0400_1280x1280.left-region.jpg,zona-escolar
2024_09_11_14_23_16_892_-0400_1280x1280.left-region.jpg,zona-escolar
2024_09_11_14_23_16_892_-0400_1280x1280.left-region.jpg,zona-escolar
2024_09_11_14_23_40_934_-0400_1280x1280.left-region.jpg,prohibido-girar-izquierda
2024_09_11_14_26_30_829_-0400_1280x1280.right-region.jpg,zona-escolar
2024_09_11_14_26_32_860_-0400_1280x1280.right-region.jpg,zona-escolar
2024_09_11_14_28_10_800_-0400_1280x1280.right-region.jpg,zona-escolar
2024_09_11_14_28_11_965_-0400_1280x1280.right-region.jpg,zona-escolar
2024_09_11_14_28_59_796_-0400_1280x1280.right-region.jpg,zona-escolar
2024_09_11_14_30_35_810_-0400_1280x1280.right-region.jpg,zona-escolar
2024_09_11_14_30_36_777_-0400_1280x1280.right-region.jpg,zona-escolar
2024_09_11_14_31_56_849_-0400_1280x1280.right-region.jpg,zona-escolar
2024_09_11_14_31_57_850_-0400_1280x1280.right-region.jpg,zona-escolar
2024_09_12_11_59_48_752_-0400_1280x1280.right-region.jpg,limite-velocidad-35
2024_09_12_11_59_49_784_-0400_1280x1280.right-region.jpg,limite-velocidad-35
2024_09_12_11_59_50_747_-0400_1280x1280.right-region.jpg,limite-velocidad-35
2024_09_12_11_59_52_732_-0400_1280x1280.right-region.jpg,limite-velocidad-35
2024_09_12_11_59_53_643_-0400_1280x1280.right-region.jpg,limite-velocidad-35
2024_09_12_11_59_55_744_-0400_1280x1280.right-region.jpg,limite-velocidad-35
2024_09_12_12_01_07_712_-0400_1280x1280.right-region.jpg,zona-escolar
2024_09_12_12_01_09_660_-0400_1280x1280.right-region.jpg,zona-escolar
2024_09_12_12_01_10_738_-0400_1280x1280.right-region.jpg,zona-escolar
2024_09_12_12_42_21_715_-0400_1280x1280.right-region.jpg,zona-escolar
2024_09_12_12_42_22_747_-0400_1280x1280.right-region.jpg,zona-escolar
2024_09_12_12_42_23_751_-0400_1280x1280.right-region.jpg,zona-escolar
2024_09_12_12_42_59_758_-0400_1280x1280.right-region.jpg,zona-escolar
2024_09_12_12_43_00_724_-0400_1280x1280.right-region.jpg,zona-escolar
2024_09_12_12_47_25_687_-0400_1280x1280.left-region.jpg,prohibido-girar-izquierda
2024_09_12_12_48_14_614_-0400_1280x1280.left-region.jpg,zona-escolar
2024_09_12_12_48_14_614_-0400_1280x1280.right-region.jpg,zona-escolar
2024_09_12_12_48_15_649_-0400_1280x1280.left-region.jpg,zona-escolar
2024_09_12_12_48_15_649_-0400_1280x1280.right-region.jpg,zona-escolar
2024_09_12_12_48_16_715_-0400_1280x1280.left-region.jpg,zona-escolar
2024_09_12_12_48_16_715_-0400_1280x1280.right-region.jpg,zona-escolar
2024_09_12_12_48_56_697_-0400_1280x1280.right-region.jpg,pare
2024_09_12_12_48_57_755_-0400_1280x1280.right-region.jpg,pare
2024_09_12_12_48_58_732_-0400_1280x1280.right-region.jpg,pare
2024_09_12_12_48_58_732_-0400_1280x1280.right-region.jpg,pare
2024_09_12_12_48_59_685_-0400_1280x1280.left-region.jpg,pare
2024_09_12_12_49_00_661_-0400_1280x1280.left-region.jpg,pare
2024_09_12_12_49_01_726_-0400_1280x1280.left-region.jpg,pare
2024_09_12_12_49_02_694_-0400_1280x1280.left-region.jpg,pare
2024_09_12_12_49_02_694_-0400_1280x1280.right-region.jpg,pare
2024_09_12_12_49_04_783_-0400_1280x1280.left-region.jpg,pare
2024_09_12_12_49_05_690_-0400_1280x1280.left-region.jpg,pare
2024_09_12_12_49_06_689_-0400_1280x1280.left-region.jpg,pare
2024_09_12_12_49_06_689_-0400_1280x1280.right-region.jpg,pare
2024_09_12_12_49_07_749_-0400_1280x1280.left-region.jpg,pare
2024_09_12_12_49_07_749_-0400_1280x1280.right-region.jpg,pare
2024_09_12_12_49_08_648_-0400_1280x1280.right-region.jpg,pare
2024_09_12_12_49_09_755_-0400_1280x1280.right-region.jpg,pare
2024_09_12_12_52_55_719_-0400_1280x1280.right-region.jpg,zona-escolar
2024_09_12_12_53_00_643_-0400_1280x1280.left-region.jpg,zona-escolar
2024_09_12_12_53_00_643_-0400_1280x1280.right-region.jpg,zona-escolar
2024_09_12_12_53_00_643_-0400_1280x1280.right-region.jpg,paso-peatonal
2024_09_12_12_53_01_708_-0400_1280x1280.left-region.jpg,zona-escolar
2024_09_12_12_53_04_635_-0400_1280x1280.left-region.jpg,zona-escolar
2024_09_12_12_53_15_673_-0400_1280x1280.left-region.jpg,zona-escolar
2024_09_12_12_53_15_673_-0400_1280x1280.left-region.jpg,zona-escolar
2024_09_12_12_53_16_668_-0400_1280x1280.left-region.jpg,zona-escolar
2024_09_12_12_53_16_668_-0400_1280x1280.left-region.jpg,zona-escolar
2024_09_12_12_53_16_668_-0400_1280x1280.right-region.jpg,zona-escolar
2024_09_12_12_53_17_737_-0400_1280x1280.right-region.jpg,zona-escolar
2024_09_12_12_53_18_703_-0400_1280x1280.left-region.jpg,zona-escolar
2024_09_12_12_53_18_703_-0400_1280x1280.left-region.jpg,zona-escolar
2024_09_12_12_53_41_683_-0400_1280x1280.left-region.jpg,prohibido-girar-izquierda
2024_09_12_12_55_24_720_-0400_1280x1280.right-region.jpg,limite-velocidad-30
2024_09_12_12_55_25_688_-0400_1280x1280.right-region.jpg,limite-velocidad-30
2024_09_12_12_55_26_749_-0400_1280x1280.right-region.jpg,limite-velocidad-30
2024_09_12_12_55_27_705_-0400_1280x1280.right-region.jpg,limite-velocidad-30
2024_09_12_12_55_28_671_-0400_1280x1280.right-region.jpg,limite-velocidad-30
2024_09_12_12_55_29_744_-0400_1280x1280.right-region.jpg,limite-velocidad-30
2024_09_12_12_55_30_703_-0400_1280x1280.right-region.jpg,limite-velocidad-30
2024_09_12_12_55_31_670_-0400_1280x1280.right-region.jpg,limite-velocidad-30
2024_09_12_12_55_32_674_-0400_1280x1280.right-region.jpg,limite-velocidad-30
2024_09_12_12_56_55_755_-0400_1280x1280.right-region.jpg,zona-escolar
2024_09_12_12_56_56_747_-0400_1280x1280.right-region.jpg,zona-escolar
2024_09_12_13_00_48_735_-0400_1280x1280.right-region.jpg,zona-escolar
2024_09_12_13_00_51_730_-0400_1280x1280.right-region.jpg,zona-escolar
2024_09_12_13_00_53_679_-0400_1280x1280.right-region.jpg,zona-escolar
2024_09_12_13_00_54_744_-0400_1280x1280.right-region.jpg,zona-escolar
2024_09_12_13_00_56_708_-0400_1280x1280.right-region.jpg,zona-escolar
2024_09_18_07_19_03_309_-0400_1280x1280.right-region.jpg,limite-velocidad-30
2024_09_18_07_19_06_114_-0400_1280x1280.right-region.jpg,limite-velocidad-30
2024_09_18_07_19_38_085_-0400_1280x1280.right-region.jpg,zona-escolar
2024_09_18_07_19_39_083_-0400_1280x1280.right-region.jpg,zona-escolar
2024_09_18_07_19_40_084_-0400_1280x1280.right-region.jpg,zona-escolar
2024_09_18_07_20_17_030_-0400_1280x1280.left-region.jpg,zona-escolar
2024_09_18_07_20_18_026_-0400_1280x1280.left-region.jpg,zona-escolar
2024_09_18_07_20_19_032_-0400_1280x1280.left-region.jpg,zona-escolar
2024_09_18_07_22_47_081_-0400_1280x1280.right-region.jpg,zona-escolar
2024_09_18_07_22_48_163_-0400_1280x1280.left-region.jpg,zona-escolar
2024_09_18_07_22_48_163_-0400_1280x1280.right-region.jpg,zona-escolar
2024_09_18_07_22_51_113_-0400_1280x1280.left-region.jpg,zona-escolar
2024_09_18_07_22_51_113_-0400_1280x1280.right-region.jpg,zona-escolar
2024_09_18_07_22_51_113_-0400_1280x1280.right-region.jpg,zona-escolar
2024_09_18_07_22_53_028_-0400_1280x1280.left-region.jpg,zona-escolar
2024_09_18_07_22_53_028_-0400_1280x1280.right-region.jpg,zona-escolar
2024_09_18_07_22_53_028_-0400_1280x1280.right-region.jpg,zona-escolar
2024_09_18_07_23_14_320_-0400_1280x1280.right-region.jpg,zona-escolar
2024_09_18_08_48_04_000_-0400_1280x1280.right-region.jpg,limite-velocidad-35
2024_09_18_08_48_05_050_-0400_1280x1280.right-region.jpg,limite-velocidad-35
2024_09_18_08_50_30_349_-0400_1280x1280.right-region.jpg,prohibido-girar-derecha
2024_09_18_08_50_44_001_-0400_1280x1280.right-region.jpg,pare
2024_09_18_08_50_44_981_-0400_1280x1280.right-region.jpg,pare
2024_09_18_12_06_17_040_-0400_1280x1280.right-region.jpg,zona-escolar
2024_09_18_12_06_18_006_-0400_1280x1280.right-region.jpg,zona-escolar
2024_09_18_12_06_26_994_-0400_1280x1280.right-region.jpg,zona-escolar
2024_09_18_12_13_06_071_-0400_1280x1280.left-region.jpg,zona-escolar
2024_09_18_12_13_07_013_-0400_1280x1280.left-region.jpg,zona-escolar
2024_09_18_12_13_07_980_-0400_1280x1280.left-region.jpg,zona-escolar
2024_09_18_12_15_46_001_-0400_1280x1280.right-region.jpg,zona-escolar
2024_09_18_13_06_03_986_-0400_1280x1280.right-region.jpg,zona-escolar
2024_09_20_13_49_54_221_-0400_1280x1280.right-region.jpg,zona-escolar
2024_09_20_13_49_57_219_-0400_1280x1280.right-region.jpg,zona-escolar
2024_09_20_13_50_02_253_-0400_1280x1280.right-region.jpg,zona-escolar
2024_09_20_13_50_04_177_-0400_1280x1280.right-region.jpg,zona-escolar
2024_09_20_13_51_44_259_-0400_1280x1280.left-region.jpg,pare
2024_09_20_13_51_44_259_-0400_1280x1280.right-region.jpg,pare
2024_09_20_13_51_48_341_-0400_1280x1280.right-region.jpg,pare
2024_09_21_10_12_41_042_-0400_1280x1280.right-region.jpg,zona-escolar
2024_09_21_10_12_43_106_-0400_1280x1280.right-region.jpg,zona-escolar
2024_09_21_10_12_59_061_-0400_1280x1280.left-region.jpg,zona-escolar
2024_09_21_10_40_03_085_-0400_1280x1280.right-region.jpg,limite-velocidad-35
2024_09_21_10_42_26_060_-0400_1280x1280.right-region.jpg,pare
2024_09_21_10_42_27_026_-0400_1280x1280.right-region.jpg,pare
2024_09_21_10_42_28_096_-0400_1280x1280.right-region.jpg,pare
2024_09_21_10_42_29_057_-0400_1280x1280.right-region.jpg,pare
2024_09_21_10_59_09_969_-0400_1280x1280.right-region.jpg,limite-velocidad-35
2024_09_21_10_59_58_037_-0400_1280x1280.left-region.jpg,limite-velocidad-35
2024_09_21_10_59_58_037_-0400_1280x1280.left-region.jpg,zona-escolar
2024_09_21_10_59_59_001_-0400_1280x1280.left-region.jpg,zona-escolar
2024_09_21_10_59_59_001_-0400_1280x1280.left-region.jpg,limite-velocidad-35
2024_09_21_11_01_23_006_-0400_1280x1280.left-region.jpg,pare
2024_09_21_11_01_23_988_-0400_1280x1280.left-region.jpg,pare
2024_09_21_11_01_24_975_-0400_1280x1280.left-region.jpg,pare
2024_09_21_11_02_07_125_-0400_1280x1280.right-region.jpg,limite-velocidad-20
2024_09_21_11_02_09_057_-0400_1280x1280.left-region.jpg,limite-velocidad-20
2024_09_21_11_02_11_088_-0400_1280x1280.right-region.jpg,prohibido-girar-u
2024_09_21_11_02_12_046_-0400_1280x1280.left-region.jpg,prohibido-girar-u
2024_09_21_11_02_12_046_-0400_1280x1280.right-region.jpg,prohibido-girar-u
2024_09_21_11_02_33_014_-0400_1280x1280.left-region.jpg,prohibido-girar-u
2024_09_25_08_55_13_214_-0400_1280x1280.right-region.jpg,zona-escolar
2024_09_25_08_55_14_215_-0400_1280x1280.right-region.jpg,zona-escolar
2024_09_25_08_55_42_159_-0400_1280x1280.right-region.jpg,zona-escolar
2024_09_25_08_57_24_197_-0400_1280x1280.right-region.jpg,zona-escolar
2024_09_25_08_57_25_163_-0400_1280x1280.right-region.jpg,zona-escolar
2024_09_25_08_58_19_198_-0400_1280x1280.left-region.jpg,prohibido-girar-izquierda
2024_09_25_08_58_21_228_-0400_1280x1280.left-region.jpg,prohibido-girar-izquierda
2024_09_25_08_58_25_192_-0400_1280x1280.left-region.jpg,prohibido-girar-izquierda
2024_09_25_08_58_40_243_-0400_1280x1280.left-region.jpg,paso-peatonal
2024_09_25_08_58_40_243_-0400_1280x1280.left-region.jpg,limite-velocidad-35
2024_09_25_09_04_38_243_-0400_1280x1280.right-region.jpg,pare
2024_09_26_12_58_18_128_-0400_1280x1280.right-region.jpg,zona-escolar
2024_09_26_12_58_20_982_-0400_1280x1280.left-region.jpg,zona-escolar
2024_09_26_12_58_20_982_-0400_1280x1280.right-region.jpg,zona-escolar
2024_09_26_12_58_45_002_-0400_1280x1280.left-region.jpg,zona-escolar
2024_09_26_13_08_07_973_-0400_1280x1280.left-region.jpg,zona-escolar
2024_09_26_13_08_26_041_-0400_1280x1280.right-region.jpg,limite-velocidad-35
2024_09_26_13_08_28_040_-0400_1280x1280.right-region.jpg,paso-peatonal
2024_09_26_13_08_28_040_-0400_1280x1280.right-region.jpg,limite-velocidad-35
2024_09_26_15_01_09_345_-0400_1280x1280.right-region.jpg,zona-escolar
2024_09_26_15_01_28_297_-0400_1280x1280.right-region.jpg,zona-escolar
2024_09_26_15_01_29_305_-0400_1280x1280.right-region.jpg,zona-escolar
2024_09_26_15_02_46_253_-0400_1280x1280.right-region.jpg,zona-escolar
2024_09_26_15_03_11_269_-0400_1280x1280.left-region.jpg,prohibido-girar-izquierda
2024_09_26_15_03_11_269_-0400_1280x1280.right-region.jpg,prohibido-girar-izquierda
2024_09_26_15_03_12_335_-0400_1280x1280.left-region.jpg,prohibido-girar-izquierda
2024_09_26_15_03_12_335_-0400_1280x1280.right-region.jpg,prohibido-girar-izquierda
2024_09_26_15_03_14_266_-0400_1280x1280.left-region.jpg,prohibido-girar-izquierda
2024_09_26_15_03_14_266_-0400_1280x1280.right-region.jpg,prohibido-girar-izquierda
2024_09_26_15_04_03_334_-0400_1280x1280.left-region.jpg,prohibido-girar-izquierda
2024_09_26_15_04_03_334_-0400_1280x1280.right-region.jpg,prohibido-girar-izquierda
2024_09_26_15_04_04_365_-0400_1280x1280.right-region.jpg,prohibido-girar-izquierda
2024_09_26_15_04_05_397_-0400_1280x1280.left-region.jpg,prohibido-girar-izquierda
2024_09_26_15_04_05_397_-0400_1280x1280.right-region.jpg,prohibido-girar-izquierda
2024_09_26_15_04_06_434_-0400_1280x1280.left-region.jpg,prohibido-girar-izquierda
2024_09_26_15_04_46_281_-0400_1280x1280.left-region.jpg,paso-peatonal
2024_09_26_15_04_46_281_-0400_1280x1280.left-region.jpg,limite-velocidad-35
2024_09_26_15_04_47_312_-0400_1280x1280.left-region.jpg,paso-peatonal
2024_09_26_15_04_47_312_-0400_1280x1280.left-region.jpg,limite-velocidad-35
2024_09_26_15_04_48_311_-0400_1280x1280.left-region.jpg,limite-velocidad-35
2024_09_26_15_04_48_311_-0400_1280x1280.left-region.jpg,paso-peatonal
2024_09_26_15_04_48_311_-0400_1280x1280.right-region.jpg,limite-velocidad-35
2024_09_26_15_04_48_311_-0400_1280x1280.right-region.jpg,paso-peatonal
2024_09_26_15_04_49_276_-0400_1280x1280.left-region.jpg,limite-velocidad-35
2024_09_26_15_04_49_276_-0400_1280x1280.left-region.jpg,paso-peatonal
2024_09_26_15_04_49_276_-0400_1280x1280.right-region.jpg,paso-peatonal
2024_09_26_15_13_43_328_-0400_1280x1280.left-region.jpg,zona-escolar
2024_09_26_15_13_44_293_-0400_1280x1280.left-region.jpg,zona-escolar
2024_09_26_15_13_44_293_-0400_1280x1280.right-region.jpg,zona-escolar
2024_09_26_15_13_45_479_-0400_1280x1280.right-region.jpg,zona-escolar
2024_09_26_15_13_55_387_-0400_1280x1280.left-region.jpg,zona-escolar
2024_09_26_15_13_56_256_-0400_1280x1280.right-region.jpg,limite-velocidad-30
2024_09_26_15_13_57_320_-0400_1280x1280.left-region.jpg,zona-escolar
2024_09_26_15_13_57_320_-0400_1280x1280.right-region.jpg,limite-velocidad-30
2024_09_26_15_19_57_266_-0400_1280x1280.left-region.jpg,prohibido-girar-izquierda
2024_09_26_15_20_01_368_-0400_1280x1280.left-region.jpg,prohibido-girar-izquierda
2024_09_26_15_20_11_313_-0400_1280x1280.left-region.jpg,prohibido-girar-u
2024_09_26_15_24_27_234_-0400_1280x1280.left-region.jpg,zona-escolar
2024_09_26_15_24_29_300_-0400_1280x1280.left-region.jpg,zona-escolar
2024_09_26_15_24_29_300_-0400_1280x1280.right-region.jpg,zona-escolar
2024_09_26_15_24_31_300_-0400_1280x1280.right-region.jpg,zona-escolar
2024_09_26_15_24_35_311_-0400_1280x1280.left-region.jpg,zona-escolar
2024_09_26_15_24_55_298_-0400_1280x1280.left-region.jpg,zona-escolar
2024_09_26_15_30_35_351_-0400_1280x1280.left-region.jpg,prohibido-girar-izquierda
2024_09_26_15_30_36_351_-0400_1280x1280.left-region.jpg,prohibido-girar-izquierda
2024_09_26_15_30_38_414_-0400_1280x1280.left-region.jpg,prohibido-girar-izquierda
2024_09_26_15_30_40_377_-0400_1280x1280.left-region.jpg,prohibido-girar-izquierda
2024_09_26_15_30_44_543_-0400_1280x1280.left-region.jpg,prohibido-girar-izquierda
2024_09_26_15_31_23_294_-0400_1280x1280.left-region.jpg,prohibido-girar-izquierda
2024_09_26_15_31_50_398_-0400_1280x1280.left-region.jpg,prohibido-girar-izquierda
2024_09_26_15_31_51_302_-0400_1280x1280.left-region.jpg,prohibido-girar-izquierda
2024_09_26_15_31_53_370_-0400_1280x1280.left-region.jpg,prohibido-girar-izquierda
2024_09_26_15_31_55_328_-0400_1280x1280.left-region.jpg,prohibido-girar-izquierda
2024_09_26_15_33_55_296_-0400_1280x1280.right-region.jpg,prohibido-girar-derecha
2024_09_26_15_33_57_264_-0400_1280x1280.right-region.jpg,prohibido-girar-derecha
2024_09_26_15_34_09_282_-0400_1280x1280.left-region.jpg,zona-escolar
2024_09_26_15_34_10_242_-0400_1280x1280.left-region.jpg,zona-escolar
2024_09_26_15_35_04_360_-0400_1280x1280.right-region.jpg,zona-escolar
2024_09_26_15_35_15_245_-0400_1280x1280.left-region.jpg,zona-escolar
2024_09_26_15_35_33_265_-0400_1280x1280.right-region.jpg,limite-velocidad-35
2024_09_26_15_37_17_308_-0400 (40 Km)_1280x1280.right-region.jpg,limite-velocidad-40
2024_09_26_15_37_17_308_-0400_1280x1280.right-region.jpg,limite-velocidad-40
2024_09_26_15_37_18_260_-0400_1280x1280.right-region.jpg,limite-velocidad-40
2024_09_26_15_37_19_222_-0400_1280x1280.right-region.jpg,limite-velocidad-40
2024_09_26_15_37_20_291_-0400_1280x1280.right-region.jpg,limite-velocidad-40
2024_09_26_15_37_35_278_-0400_1280x1280.right-region.jpg,pare
2024_09_26_15_37_36_243_-0400_1280x1280.right-region.jpg,pare
2024_09_26_15_37_37_310_-0400_1280x1280.right-region.jpg,pare
2024_09_26_15_37_38_278_-0400_1280x1280.right-region.jpg,pare
2024_09_26_15_37_40_210_-0400_1280x1280.right-region.jpg,pare
2024_09_26_15_38_54_279_-0400_1280x1280.left-region.jpg,zona-escolar
2024_09_26_15_38_54_279_-0400_1280x1280.left-region.jpg,zona-escolar
2024_09_26_15_38_54_279_-0400_1280x1280.right-region.jpg,zona-escolar
2024_09_26_15_38_54_279_-0400_1280x1280.right-region.jpg,zona-escolar
2024_09_26_15_38_56_232_-0400_1280x1280.right-region.jpg,zona-escolar
2024_09_26_15_38_56_232_-0400_1280x1280.right-region.jpg,zona-escolar
2024_09_26_15_41_10_311_-0400_1280x1280.right-region.jpg,limite-velocidad-30
2024_09_26_15_41_11_281_-0400_1280x1280.right-region.jpg,limite-velocidad-30
2024_09_26_15_49_19_365_-0400_1280x1280.right-region.jpg,zona-escolar
2024_09_26_17_47_56_221_-0400_1280x1280.left-region.jpg,zona-escolar
2024_09_26_17_47_56_221_-0400_1280x1280.right-region.jpg,zona-escolar
2024_09_26_17_47_57_290_-0400_1280x1280.left-region.jpg,zona-escolar
2024_09_26_17_47_57_290_-0400_1280x1280.right-region.jpg,zona-escolar
2024_09_26_17_47_58_248_-0400_1280x1280.right-region.jpg,zona-escolar
2024_09_26_17_48_18_271_-0400_1280x1280.right-region.jpg,zona-escolar
2024_09_26_17_48_19_238_-0400_1280x1280.left-region.jpg,zona-escolar
2024_09_26_17_48_19_238_-0400_1280x1280.right-region.jpg,zona-escolar
2024_09_26_17_48_20_200_-0400_1280x1280.right-region.jpg,zona-escolar
2024_09_26_17_49_26_198_-0400_1280x1280.right-region.jpg,zona-escolar
2024_09_26_17_49_27_291_-0400_1280x1280.right-region.jpg,zona-escolar
2024_09_26_17_49_28_267_-0400_1280x1280.right-region.jpg,zona-escolar
2024_09_26_17_49_29_228_-0400_1280x1280.right-region.jpg,zona-escolar
2024_09_26_17_49_42_253_-0400_1280x1280.left-region.jpg,prohibido-girar-izquierda
2024_09_26_17_49_42_253_-0400_1280x1280.right-region.jpg,zona-escolar
2024_09_26_17_49_43_249_-0400_1280x1280.left-region.jpg,prohibido-girar-izquierda
2024_09_26_17_49_44_180_-0400_1280x1280.left-region.jpg,prohibido-girar-izquierda
2024_09_26_17_49_46_246_-0400_1280x1280.left-region.jpg,prohibido-girar-izquierda
2024_09_26_17_49_47_277_-0400_1280x1280.left-region.jpg,prohibido-girar-izquierda
2024_09_26_17_49_49_277_-0400_1280x1280.left-region.jpg,prohibido-girar-izquierda
2024_09_26_17_50_18_304_-0400_1280x1280.left-region.jpg,prohibido-girar-izquierda
2024_09_26_17_50_19_303_-0400_1280x1280.left-region.jpg,prohibido-girar-izquierda
2024_09_26_17_50_20_273_-0400_1280x1280.left-region.jpg,prohibido-girar-izquierda
2024_09_26_17_50_21_268_-0400_1280x1280.left-region.jpg,prohibido-girar-izquierda
2024_09_26_17_55_57_254_-0400_1280x1280.right-region.jpg,pare
2024_09_26_17_55_59_273_-0400_1280x1280.right-region.jpg,pare
2024_09_26_17_56_01_252_-0400_1280x1280.right-region.jpg,pare
2024_09_26_17_56_03_317_-0400_1280x1280.right-region.jpg,pare
2024_09_26_17_56_34_290_-0400_1280x1280.left-region.jpg,pare-horizontal
2024_09_26_17_56_35_254_-0400_1280x1280.left-region.jpg,pare-horizontal
2024_09_26_17_56_36_187_-0400_1280x1280.left-region.jpg,pare-horizontal
2024_09_26_17_56_37_285_-0400_1280x1280.left-region.jpg,pare-horizontal
2024_09_26_17_59_30_219_-0400_1280x1280.right-region.jpg,pare
2024_09_26_17_59_31_281_-0400_1280x1280.right-region.jpg,pare
2024_09_26_17_59_32_203_-0400_1280x1280.right-region.jpg,pare
2024_09_26_18_05_03_297_-0400_1280x1280.right-region.jpg,zona-escolar
2024_09_26_18_05_05_253_-0400_1280x1280.right-region.jpg,zona-escolar
2024_09_26_18_05_08_193_-0400_1280x1280.right-region.jpg,zona-escolar
2024_09_26_18_05_24_260_-0400_1280x1280.right-region.jpg,zona-escolar
2024_09_26_18_05_27_238_-0400_1280x1280.right-region.jpg,zona-escolar
2024_09_26_18_09_14_237_-0400_1280x1280.left-region.jpg,prohibido-girar-izquierda
2024_09_26_18_09_16_225_-0400_1280x1280.left-region.jpg,prohibido-girar-izquierda
2024_09_26_18_09_18_201_-0400_1280x1280.left-region.jpg,prohibido-girar-izquierda
2024_09_26_18_09_19_291_-0400_1280x1280.left-region.jpg,prohibido-girar-izquierda
2024_09_26_18_09_20_267_-0400_1280x1280.left-region.jpg,prohibido-girar-izquierda
2024_09_26_18_09_21_256_-0400_1280x1280.left-region.jpg,prohibido-girar-izquierda
2024_09_26_18_10_01_304_-0400_1280x1280.left-region.jpg,prohibido-girar-izquierda
2024_09_26_18_10_02_271_-0400_1280x1280.left-region.jpg,prohibido-girar-izquierda
2024_09_26_18_10_03_269_-0400_1280x1280.left-region.jpg,prohibido-girar-izquierda
2024_09_26_18_10_04_200_-0400_1280x1280.left-region.jpg,prohibido-girar-izquierda
2024_09_26_18_10_05_265_-0400_1280x1280.left-region.jpg,prohibido-girar-izquierda
2024_09_26_18_10_07_266_-0400_1280x1280.left-region.jpg,prohibido-girar-izquierda
2024_09_26_18_11_42_199_-0400_1280x1280.right-region.jpg,prohibido-girar-derecha
2024_09_26_18_12_44_337_-0400_1280x1280.right-region.jpg,ceda-el-paso
2024_09_26_18_12_46_299_-0400_1280x1280.right-region.jpg,ceda-el-paso
2024_09_26_18_12_47_356_-0400_1280x1280.right-region.jpg,ceda-el-paso
2024_09_26_18_12_48_336_-0400_1280x1280.left-region.jpg,pare
2024_09_26_18_12_48_336_-0400_1280x1280.right-region.jpg,ceda-el-paso
2024_09_26_18_12_49_291_-0400_1280x1280.left-region.jpg,pare
2024_09_26_18_15_33_248_-0400_1280x1280.left-region.jpg,pare
2024_09_26_18_15_34_206_-0400_1280x1280.left-region.jpg,pare
2024_09_26_18_15_36_276_-0400_1280x1280.left-region.jpg,pare
2024_09_26_18_15_37_277_-0400_1280x1280.left-region.jpg,pare
2024_09_26_18_15_39_237_-0400_1280x1280.left-region.jpg,pare
2024_09_26_18_15_45_251_-0400_1280x1280.left-region.jpg,pare
2024_09_26_18_15_47_267_-0400_1280x1280.left-region.jpg,pare
2024_09_26_18_16_01_267_-0400_1280x1280.right-region.jpg,limite-velocidad-30
2024_09_26_18_16_03_266_-0400_1280x1280.right-region.jpg,limite-velocidad-30
2024_09_26_18_16_41_225_-0400_1280x1280.left-region.jpg,ceda-el-paso
2024_09_26_18_16_42_258_-0400_1280x1280.left-region.jpg,ceda-el-paso
2024_09_26_18_16_43_257_-0400_1280x1280.left-region.jpg,ceda-el-paso
2024_09_26_18_16_43_257_-0400_1280x1280.right-region.jpg,ceda-el-paso
2024_09_26_18_16_44_290_-0400_1280x1280.left-region.jpg,ceda-el-paso
2024_09_26_18_16_45_253_-0400_1280x1280.right-region.jpg,ceda-el-paso
2024_09_26_18_16_46_223_-0400_1280x1280.right-region.jpg,ceda-el-paso
2024_09_26_18_16_47_285_-0400_1280x1280.right-region.jpg,ceda-el-paso
2024_09_26_18_18_27_202_-0400_1280x1280.left-region.jpg,pare-horizontal
2024_09_26_18_19_32_178_-0400_1280x1280.left-region.jpg,pare
2024_09_26_18_19_32_178_-0400_1280x1280.right-region.jpg,pare
2024_09_26_18_19_33_283_-0400_1280x1280.left-region.jpg,pare
2024_09_26_18_19_33_283_-0400_1280x1280.right-region.jpg,pare
2024_09_26_18_19_34_280_-0400_1280x1280.left-region.jpg,pare
2024_09_26_18_19_36_211_-0400_1280x1280.left-region.jpg,pare
2024_09_26_18_19_37_280_-0400_1280x1280.left-region.jpg,pare
2024_09_26_18_19_38_243_-0400_1280x1280.right-region.jpg,pare
2024_09_26_18_19_40_274_-0400_1280x1280.right-region.jpg,pare
2024_09_26_18_19_42_205_-0400_1280x1280.right-region.jpg,pare
2024_09_26_18_23_09_273_-0400_1280x1280.right-region.jpg,zona-escolar
2024_09_26_18_23_10_216_-0400_1280x1280.right-region.jpg,zona-escolar
2024_09_26_18_23_11_280_-0400_1280x1280.right-region.jpg,zona-escolar
2024_09_26_18_25_15_227_-0400_1280x1280.right-region.jpg,zona-escolar
2024_09_26_18_25_43_292_-0400_1280x1280.right-region.jpg,zona-escolar
2024_09_26_18_25_44_293_-0400_1280x1280.right-region.jpg,zona-escolar
2024_09_26_18_25_45_288_-0400_1280x1280.right-region.jpg,zona-escolar
2024_09_27_09_56_00_227_-0400_1280x1280.right-region.jpg,zona-escolar
2024_09_27_09_56_01_091_-0400_1280x1280.right-region.jpg,zona-escolar
2024_09_27_09_56_02_090_-0400_1280x1280.right-region.jpg,zona-escolar
2024_09_27_09_56_03_123_-0400_1280x1280.right-region.jpg,zona-escolar
2024_09_27_09_56_04_106_-0400_1280x1280.right-region.jpg,zona-escolar
2024_09_27_09_59_40_122_-0400_1280x1280.left-region.jpg,zona-escolar
2024_09_27_09_59_40_122_-0400_1280x1280.left-region.jpg,prohibido-girar-izquierda
2024_09_27_09_59_42_089_-0400_1280x1280.left-region.jpg,zona-escolar
2024_09_27_09_59_42_089_-0400_1280x1280.left-region.jpg,prohibido-girar-izquierda
2024_09_27_10_00_34_132_-0400_1280x1280.left-region.jpg,pare
2024_09_27_10_00_35_194_-0400_1280x1280.right-region.jpg,pare
2024_09_27_10_00_36_150_-0400_1280x1280.left-region.jpg,pare
2024_09_27_10_00_36_150_-0400_1280x1280.right-region.jpg,pare
2024_09_27_10_00_37_091_-0400_1280x1280.right-region.jpg,pare
2024_09_27_10_00_39_122_-0400_1280x1280.right-region.jpg,pare
2024_09_27_10_20_59_148_-0400_1280x1280.right-region.jpg,prohibido-girar-izquierda
2024_09_27_10_21_18_091_-0400_1280x1280.right-region.jpg,prohibido-girar-izquierda
2024_09_27_10_21_19_124_-0400_1280x1280.right-region.jpg,prohibido-girar-izquierda
2024_09_27_10_22_41_104_-0400_1280x1280.right-region.jpg,zona-escolar
2024_09_27_10_22_42_072_-0400_1280x1280.right-region.jpg,zona-escolar
2024_09_27_10_22_45_135_-0400_1280x1280.right-region.jpg,zona-escolar
2024_09_27_10_28_31_109_-0400_1280x1280.left-region.jpg,prohibido-girar-izquierda
2024_09_27_10_28_33_120_-0400_1280x1280.left-region.jpg,prohibido-girar-izquierda
2024_09_27_10_28_34_084_-0400_1280x1280.left-region.jpg,prohibido-girar-izquierda
2024_09_27_10_28_42_101_-0400_1280x1280.left-region.jpg,prohibido-girar-izquierda
2024_09_27_10_28_57_107_-0400_1280x1280.left-region.jpg,prohibido-girar-izquierda
2024_09_27_10_28_59_091_-0400_1280x1280.left-region.jpg,prohibido-girar-izquierda
2024_09_27_10_29_00_056_-0400_1280x1280.left-region.jpg,prohibido-girar-izquierda
2024_09_27_10_29_46_171_-0400_1280x1280.left-region.jpg,prohibido-girar-u
2024_09_27_10_29_46_171_-0400_1280x1280.left-region.jpg,prohibido-girar-derecha
2024_09_27_10_29_47_142_-0400_1280x1280.left-region.jpg,prohibido-girar-derecha
2024_09_27_10_29_47_142_-0400_1280x1280.left-region.jpg,prohibido-girar-izquierda
2024_09_27_10_29_47_142_-0400_1280x1280.left-region.jpg,paso-peatonal
2024_09_27_10_29_47_142_-0400_1280x1280.left-region.jpg,prohibido-girar-u
2024_09_27_10_29_48_103_-0400_1280x1280.right-region.jpg,paso-peatonal
2024_09_27_10_29_48_103_-0400_1280x1280.right-region.jpg,prohibido-girar-derecha
2024_09_27_10_29_49_138_-0400_1280x1280.right-region.jpg,prohibido-girar-derecha
2024_09_27_10_29_49_138_-0400_1280x1280.right-region.jpg,paso-peatonal
2024_09_27_10_29_50_138_-0400_1280x1280.left-region.jpg,prohibido-girar-izquierda
2024_09_27_10_29_50_138_-0400_1280x1280.right-region.jpg,paso-peatonal
2024_09_27_10_29_50_138_-0400_1280x1280.right-region.jpg,prohibido-girar-derecha
2024_09_27_10_29_51_095_-0400_1280x1280.right-region.jpg,prohibido-girar-derecha
2024_09_27_10_29_51_095_-0400_1280x1280.right-region.jpg,paso-peatonal
2024_09_27_10_30_28_142_-0400_1280x1280.right-region.jpg,ceda-el-paso
2024_09_27_10_30_29_110_-0400_1280x1280.left-region.jpg,pare
2024_09_27_10_30_31_108_-0400_1280x1280.left-region.jpg,pare
2024_09_27_10_32_42_118_-0400_1280x1280.left-region.jpg,pare
2024_09_27_10_32_44_151_-0400_1280x1280.left-region.jpg,pare
2024_09_27_10_32_45_150_-0400_1280x1280.left-region.jpg,pare
2024_09_27_10_32_46_115_-0400_1280x1280.left-region.jpg,pare
2024_09_27_10_32_47_084_-0400_1280x1280.left-region.jpg,pare
2024_09_27_10_32_48_145_-0400_1280x1280.left-region.jpg,pare
2024_09_27_10_33_01_085_-0400_1280x1280.right-region.jpg,limite-velocidad-30
2024_09_27_10_33_02_156_-0400_1280x1280.right-region.jpg,limite-velocidad-30
2024_09_27_10_33_03_102_-0400_1280x1280.right-region.jpg,limite-velocidad-30
2024_09_27_10_33_05_133_-0400_1280x1280.right-region.jpg,limite-velocidad-30
2024_09_27_10_33_39_116_-0400_1280x1280.left-region.jpg,ceda-el-paso
2024_09_27_10_33_39_116_-0400_1280x1280.right-region.jpg,ceda-el-paso
2024_09_27_10_33_40_083_-0400_1280x1280.right-region.jpg,ceda-el-paso
2024_09_27_10_33_41_154_-0400_1280x1280.left-region.jpg,ceda-el-paso
2024_09_27_10_33_41_154_-0400_1280x1280.right-region.jpg,ceda-el-paso
2024_09_27_10_33_42_117_-0400_1280x1280.right-region.jpg,ceda-el-paso
2024_09_27_10_37_27_103_-0400_1280x1280.right-region.jpg,pare-horizontal
2024_09_27_10_37_55_082_-0400_1280x1280.left-region.jpg,pare
2024_09_27_10_37_56_147_-0400_1280x1280.left-region.jpg,pare
2024_09_27_10_37_57_154_-0400_1280x1280.left-region.jpg,pare
2024_09_27_10_37_59_046_-0400_1280x1280.left-region.jpg,pare
2024_09_27_10_37_59_046_-0400_1280x1280.right-region.jpg,pare
2024_09_27_10_38_00_153_-0400_1280x1280.left-region.jpg,pare
2024_09_27_10_38_01_148_-0400_1280x1280.right-region.jpg,pare
2024_09_27_10_38_02_110_-0400_1280x1280.left-region.jpg,pare
2024_09_27_10_38_02_110_-0400_1280x1280.right-region.jpg,pare
2024_09_27_10_38_04_920_-0400_1280x1280.right-region.jpg,pare
2024_09_27_10_38_05_440_-0400_1280x1280.right-region.jpg,pare
2024_09_27_10_38_06_320_-0400_1280x1280.right-region.jpg,pare
2024_09_27_10_38_08_074_-0400_1280x1280.right-region.jpg,pare
2024_09_27_10_40_36_060_-0400_1280x1280.right-region.jpg,limite-velocidad-30
2024_09_27_10_41_39_443_-0400_1280x1280.left-region.jpg,zona-escolar
2024_09_27_10_41_39_443_-0400_1280x1280.right-region.jpg,zona-escolar
2024_09_27_10_41_40_109_-0400_1280x1280.left-region.jpg,zona-escolar
2024_09_27_10_44_42_112_-0400_1280x1280.left-region.jpg,prohibido-girar-derecha
2024_09_27_10_44_43_168_-0400_1280x1280.left-region.jpg,prohibido-girar-derecha
2024_09_27_10_44_43_168_-0400_1280x1280.right-region.jpg,prohibido-girar-derecha
2024_09_27_10_44_43_936_-0400_1280x1280.left-region.jpg,prohibido-girar-derecha
2024_09_27_10_44_43_936_-0400_1280x1280.right-region.jpg,prohibido-girar-derecha
2024_09_27_10_44_44_485_-0400_1280x1280.left-region.jpg,prohibido-girar-derecha
2024_09_27_10_44_45_154_-0400_1280x1280.right-region.jpg,prohibido-girar-derecha
2024_09_27_10_44_46_119_-0400_1280x1280.right-region.jpg,prohibido-girar-derecha
2024_09_27_10_44_46_884_-0400_1280x1280.left-region.jpg,prohibido-girar-derecha
2024_09_27_10_44_46_884_-0400_1280x1280.right-region.jpg,prohibido-girar-derecha
2024_09_27_10_44_47_451_-0400_1280x1280.left-region.jpg,prohibido-girar-derecha
2024_09_27_10_44_47_451_-0400_1280x1280.right-region.jpg,prohibido-girar-derecha
2024_09_27_10_44_48_217_-0400_1280x1280.right-region.jpg,prohibido-girar-derecha
2024_09_27_10_44_49_586_-0400_1280x1280.right-region.jpg,prohibido-girar-derecha
2024_09_27_10_44_50_152_-0400_1280x1280.right-region.jpg,prohibido-girar-derecha
2024_09_27_10_44_51_120_-0400_1280x1280.right-region.jpg,prohibido-girar-derecha
2024_09_27_10_45_03_152_-0400_1280x1280.right-region.jpg,zona-escolar
2024_09_27_10_45_03_818_-0400_1280x1280.right-region.jpg,zona-escolar
2024_09_27_10_45_06_121_-0400_1280x1280.right-region.jpg,zona-escolar
2024_09_27_10_46_16_061_-0400_1280x1280.left-region.jpg,limite-velocidad-35
2024_09_27_10_46_16_061_-0400_1280x1280.right-region.jpg,limite-velocidad-35
2024_09_27_10_46_17_041_-0400_1280x1280.right-region.jpg,limite-velocidad-35
2024_09_27_10_46_28_290_-0400_1280x1280.right-region.jpg,zona-escolar
2024_09_27_10_46_29_023_-0400_1280x1280.right-region.jpg,zona-escolar
2024_09_27_10_48_30_050_-0400_1280x1280.left-region.jpg,zona-escolar
2024_09_27_10_48_44_150_-0400_1280x1280.right-region.jpg,zona-escolar
2024_09_27_10_48_55_125_-0400_1280x1280.right-region.jpg,zona-escolar
2024_09_27_10_48_56_097_-0400_1280x1280.right-region.jpg,zona-escolar
2024_09_27_10_48_57_064_-0400_1280x1280.right-region.jpg,zona-escolar
2024_09_27_13_26_38_070_-0400_1280x1280.left-region.jpg,pare
2024_09_27_13_26_39_069_-0400_1280x1280.left-region.jpg,pare
2024_09_27_13_26_40_169_-0400_1280x1280.left-region.jpg,pare
2024_09_27_13_26_41_167_-0400_1280x1280.left-region.jpg,pare
2024_09_27_13_26_42_137_-0400_1280x1280.left-region.jpg,pare
2024_09_27_13_26_43_100_-0400_1280x1280.left-region.jpg,pare
2024_09_27_13_26_44_066_-0400_1280x1280.left-region.jpg,pare
2024_09_27_13_26_45_031_-0400_1280x1280.left-region.jpg,pare
2024_09_27_13_26_46_131_-0400_1280x1280.left-region.jpg,pare
2024_09_27_13_26_47_129_-0400_1280x1280.left-region.jpg,pare
2024_09_27_13_28_25_063_-0400_1280x1280.right-region.jpg,limite-velocidad-10
2024_09_27_13_28_26_127_-0400_1280x1280.right-region.jpg,limite-velocidad-10
2024_09_27_13_28_27_040_-0400_1280x1280.right-region.jpg,limite-velocidad-10
2024_09_27_13_28_28_103_-0400_1280x1280.right-region.jpg,limite-velocidad-10
2024_09_27_13_28_29_070_-0400_1280x1280.right-region.jpg,limite-velocidad-10
2024_09_27_13_30_24_118_-0400_1280x1280.right-region.jpg,pare
2024_09_27_13_30_25_126_-0400_1280x1280.right-region.jpg,pare
2024_09_27_13_30_26_125_-0400_1280x1280.right-region.jpg,pare
2024_09_27_13_30_27_081_-0400_1280x1280.right-region.jpg,pare
2024_09_27_13_30_28_721_-0400_1280x1280.right-region.jpg,pare
2024_09_27_13_32_13_120_-0400_1280x1280.left-region.jpg,pare-horizontal
2024_09_27_13_32_14_046_-0400_1280x1280.left-region.jpg,pare-horizontal
2024_09_27_13_35_18_095_-0400_1280x1280.right-region.jpg,prohibido-girar-derecha
2024_09_27_13_38_19_751_-0400_1280x1280.right-region.jpg,zona-escolar
2024_09_27_13_38_21_085_-0400_1280x1280.right-region.jpg,zona-escolar
2024_09_27_13_38_22_381_-0400_1280x1280.right-region.jpg,zona-escolar
2024_09_27_13_38_23_148_-0400_1280x1280.right-region.jpg,zona-escolar
2024_09_27_13_38_24_114_-0400_1280x1280.right-region.jpg,zona-escolar
2024_09_27_13_38_33_042_-0400_1280x1280.right-region.jpg,zona-escolar
2024_09_27_13_38_34_075_-0400_1280x1280.right-region.jpg,zona-escolar
2024_09_27_15_16_33_126_-0400_1280x1280.left-region.jpg,prohibido-girar-izquierda
2024_09_27_15_16_34_226_-0400_1280x1280.left-region.jpg,prohibido-girar-izquierda
2024_09_27_15_16_35_056_-0400_1280x1280.left-region.jpg,prohibido-girar-izquierda
2024_09_27_15_16_37_112_-0400_1280x1280.left-region.jpg,prohibido-girar-izquierda
2024_09_27_15_16_39_110_-0400_1280x1280.left-region.jpg,prohibido-girar-izquierda
2024_09_27_15_16_41_040_-0400_1280x1280.left-region.jpg,prohibido-girar-izquierda
2024_09_27_15_17_44_071_-0400_1280x1280.left-region.jpg,prohibido-girar-izquierda
2024_09_27_15_17_45_039_-0400_1280x1280.left-region.jpg,prohibido-girar-izquierda
2024_09_27_15_17_46_069_-0400_1280x1280.left-region.jpg,prohibido-girar-izquierda
2024_09_27_15_20_45_058_-0400_1280x1280.right-region.jpg,prohibido-girar-derecha
2024_09_27_15_20_46_057_-0400_1280x1280.right-region.jpg,prohibido-girar-derecha
2024_09_27_15_20_47_123_-0400_1280x1280.right-region.jpg,prohibido-girar-derecha
2024_09_27_15_20_47_993_-0400_1280x1280.right-region.jpg,prohibido-girar-derecha
2024_09_27_15_20_49_055_-0400_1280x1280.right-region.jpg,prohibido-girar-derecha
2024_09_27_15_21_18_033_-0400_1280x1280.left-region.jpg,zona-escolar
2024_09_27_15_21_19_016_-0400_1280x1280.left-region.jpg,zona-escolar
2024_09_27_15_21_20_064_-0400_1280x1280.left-region.jpg,zona-escolar
2024_09_27_15_21_21_080_-0400_1280x1280.left-region.jpg,zona-escolar
2024_09_27_15_21_22_031_-0400_1280x1280.left-region.jpg,zona-escolar
2024_09_27_15_22_30_022_-0400_1280x1280.right-region.jpg,zona-escolar
2024_09_27_15_22_54_062_-0400_1280x1280.right-region.jpg,limite-velocidad-35
2024_09_27_15_22_55_020_-0400_1280x1280.right-region.jpg,paso-peatonal
2024_09_27_15_22_55_020_-0400_1280x1280.right-region.jpg,limite-velocidad-35
2024_09_27_15_22_56_087_-0400_1280x1280.right-region.jpg,limite-velocidad-35
2024_09_27_15_22_56_087_-0400_1280x1280.right-region.jpg,paso-peatonal
2024_09_27_15_22_57_104_-0400_1280x1280.right-region.jpg,limite-velocidad-35
2024_09_27_15_22_57_104_-0400_1280x1280.right-region.jpg,paso-peatonal
2024_09_27_15_24_47_075_-0400_1280x1280.right-region.jpg,zona-escolar
2024_09_27_15_24_48_030_-0400_1280x1280.right-region.jpg,zona-escolar
2024_09_27_15_24_49_008_-0400_1280x1280.left-region.jpg,zona-escolar
2024_09_27_15_24_50_108_-0400_1280x1280.left-region.jpg,zona-escolar
2024_09_27_15_24_51_060_-0400_1280x1280.left-region.jpg,zona-escolar
2024_09_27_15_24_52_041_-0400_1280x1280.left-region.jpg,zona-escolar
2024_09_27_15_55_22_049_-0400_1280x1280.right-region.jpg,prohibido-girar-izquierda
2024_09_27_15_55_23_012_-0400_1280x1280.right-region.jpg,prohibido-girar-izquierda
2024_09_27_15_55_24_113_-0400_1280x1280.right-region.jpg,prohibido-girar-izquierda
2024_09_27_15_55_26_048_-0400_1280x1280.right-region.jpg,prohibido-girar-izquierda
2024_09_27_15_55_27_045_-0400_1280x1280.left-region.jpg,prohibido-girar-izquierda
2024_09_27_15_55_27_045_-0400_1280x1280.right-region.jpg,prohibido-girar-izquierda
2024_09_27_15_55_29_004_-0400_1280x1280.left-region.jpg,prohibido-girar-izquierda
2024_09_27_15_55_29_004_-0400_1280x1280.right-region.jpg,prohibido-girar-izquierda
2024_09_27_15_55_48_062_-0400_1280x1280.left-region.jpg,prohibido-girar-izquierda
2024_09_27_15_55_48_062_-0400_1280x1280.right-region.jpg,prohibido-girar-izquierda
2024_09_27_15_55_49_991_-0400_1280x1280.right-region.jpg,prohibido-girar-izquierda
2024_09_27_15_55_59_991_-0400_1280x1280.right-region.jpg,prohibido-girar-izquierda
2024_09_27_15_56_01_024_-0400_1280x1280.right-region.jpg,prohibido-girar-izquierda
2024_09_27_15_56_51_051_-0400_1280x1280.right-region.jpg,zona-escolar
2024_09_27_16_02_01_990_-0400_1280x1280.left-region.jpg,prohibido-girar-izquierda
2024_09_27_16_02_56_054_-0400_1280x1280.left-region.jpg,prohibido-girar-u
2024_09_27_16_02_57_017_-0400_1280x1280.left-region.jpg,prohibido-girar-u
2024_09_27_16_02_58_034_-0400_1280x1280.left-region.jpg,prohibido-girar-u
2024_09_27_16_02_58_982_-0400_1280x1280.left-region.jpg,prohibido-girar-izquierda
2024_09_27_16_02_58_982_-0400_1280x1280.right-region.jpg,paso-peatonal
2024_09_27_16_02_58_982_-0400_1280x1280.right-region.jpg,prohibido-girar-derecha
2024_09_27_16_03_43_031_-0400_1280x1280.right-region.jpg,ceda-el-paso
2024_09_27_16_06_00_019_-0400_1280x1280.left-region.jpg,pare
2024_09_27_16_06_01_029_-0400_1280x1280.left-region.jpg,pare
2024_09_27_16_06_03_062_-0400_1280x1280.left-region.jpg,pare
2024_09_27_16_06_04_061_-0400_1280x1280.left-region.jpg,pare
2024_09_27_16_06_05_029_-0400_1280x1280.left-region.jpg,pare
2024_09_27_16_06_07_033_-0400_1280x1280.left-region.jpg,pare
2024_09_27_16_06_09_012_-0400_1280x1280.left-region.jpg,pare
2024_09_27_16_06_16_979_-0400_1280x1280.right-region.jpg,limite-velocidad-30
2024_09_27_16_06_18_046_-0400_1280x1280.right-region.jpg,limite-velocidad-30
2024_09_27_16_06_19_011_-0400_1280x1280.right-region.jpg,limite-velocidad-30
2024_09_27_16_06_55_025_-0400_1280x1280.right-region.jpg,ceda-el-paso
2024_09_27_16_06_57_058_-0400_1280x1280.right-region.jpg,ceda-el-paso
2024_09_27_16_06_58_056_-0400_1280x1280.right-region.jpg,ceda-el-paso
2024_09_27_16_06_59_026_-0400_1280x1280.right-region.jpg,ceda-el-paso
2024_09_27_16_10_07_054_-0400_1280x1280.right-region.jpg,pare
2024_09_27_16_10_08_673_-0400_1280x1280.right-region.jpg,pare
2024_09_27_16_10_09_252_-0400_1280x1280.right-region.jpg,pare
2024_09_27_16_10_09_817_-0400_1280x1280.right-region.jpg,pare
2024_09_27_16_12_31_093_-0400_1280x1280.right-region.jpg,limite-velocidad-30
2024_09_27_16_12_32_062_-0400_1280x1280.right-region.jpg,limite-velocidad-30
2024_09_27_16_12_33_114_-0400_1280x1280.right-region.jpg,limite-velocidad-30
2024_09_27_16_13_33_025_-0400_1280x1280.right-region.jpg,zona-escolar
2024_09_27_16_13_33_975_-0400_1280x1280.right-region.jpg,zona-escolar
2024_09_27_16_15_13_997_-0400_1280x1280.right-region.jpg,zona-escolar
2024_09_27_16_15_16_063_-0400_1280x1280.right-region.jpg,zona-escolar
2024_09_27_16_16_08_014_-0400_1280x1280.right-region.jpg,zona-escolar
2024_09_27_16_16_08_977_-0400_1280x1280.right-region.jpg,zona-escolar
2024_09_27_16_17_50_978_-0400_1280x1280.right-region.jpg,zona-escolar
2024_09_27_16_17_53_026_-0400_1280x1280.right-region.jpg,zona-escolar
2024_09_27_16_19_10_039_-0400_1280x1280.right-region.jpg,zona-escolar
2024_09_27_16_19_11_008_-0400_1280x1280.right-region.jpg,zona-escolar
2024_09_27_16_19_12_060_-0400_1280x1280.right-region.jpg,zona-escolar
2024_09_27_16_19_13_059_-0400_1280x1280.right-region.jpg,zona-escolar
2024_09_27_16_19_15_040_-0400_1280x1280.right-region.jpg,zona-escolar
2024_09_29_07_11_43_806_-0400_1280x1280.left-region.jpg,zona-escolar
2024_09_29_07_11_44_899_-0400_1280x1280.left-region.jpg,zona-escolar
2024_10_01_12_37_05_472_-0400_1280x1280.left-region.jpg,prohibido-girar-izquierda
2024_10_01_12_37_07_488_-0400_1280x1280.left-region.jpg,prohibido-girar-izquierda
2024_10_01_12_37_08_464_-0400_1280x1280.left-region.jpg,prohibido-girar-izquierda
2024_10_01_12_37_09_438_-0400_1280x1280.left-region.jpg,prohibido-girar-izquierda
2024_10_01_12_37_11_470_-0400_1280x1280.left-region.jpg,prohibido-girar-izquierda
2024_10_01_12_37_12_435_-0400_1280x1280.left-region.jpg,prohibido-girar-izquierda
2024_10_01_12_39_48_431_-0400_1280x1280.left-region.jpg,prohibido-girar-u
2024_10_01_12_39_48_431_-0400_1280x1280.left-region.jpg,prohibido-girar-derecha
2024_10_01_12_39_48_431_-0400_1280x1280.left-region.jpg,prohibido-girar-izquierda
2024_10_01_12_39_48_431_-0400_1280x1280.left-region.jpg,paso-peatonal
2024_10_01_12_39_48_431_-0400_1280x1280.right-region.jpg,prohibido-girar-derecha
2024_10_01_12_39_48_431_-0400_1280x1280.right-region.jpg,paso-peatonal
2024_10_01_12_39_50_395_-0400_1280x1280.left-region.jpg,prohibido-girar-izquierda
2024_10_01_12_39_50_395_-0400_1280x1280.left-region.jpg,prohibido-girar-u
2024_10_01_12_39_51_460_-0400_1280x1280.left-region.jpg,prohibido-girar-u
2024_10_01_12_39_51_460_-0400_1280x1280.left-region.jpg,prohibido-girar-izquierda
2024_10_01_12_39_53_457_-0400_1280x1280.left-region.jpg,prohibido-girar-izquierda
2024_10_01_12_39_55_455_-0400_1280x1280.left-region.jpg,prohibido-girar-izquierda
2024_10_01_12_40_43_459_-0400_1280x1280.right-region.jpg,ceda-el-paso
2024_10_01_12_40_44_456_-0400_1280x1280.right-region.jpg,ceda-el-paso
2024_10_01_12_40_46_389_-0400_1280x1280.right-region.jpg,ceda-el-paso
2024_10_01_12_40_47_483_-0400_1280x1280.left-region.jpg,pare
2024_10_01_12_40_48_453_-0400_1280x1280.left-region.jpg,pare
2024_10_01_12_40_49_420_-0400_1280x1280.left-region.jpg,pare
2024_10_01_12_43_04_466_-0400_1280x1280.left-region.jpg,pare
2024_10_01_12_43_04_466_-0400_1280x1280.right-region.jpg,paso-peatonal
2024_10_01_12_43_05_445_-0400_1280x1280.left-region.jpg,pare
2024_10_01_12_43_05_445_-0400_1280x1280.right-region.jpg,paso-peatonal
2024_10_01_12_43_06_445_-0400_1280x1280.left-region.jpg,pare
2024_10_01_12_43_06_445_-0400_1280x1280.right-region.jpg,paso-peatonal
2024_10_01_12_43_15_426_-0400_1280x1280.right-region.jpg,limite-velocidad-30
2024_10_01_12_43_16_419_-0400_1280x1280.right-region.jpg,limite-velocidad-30
2024_10_01_12_43_33_419_-0400_1280x1280.right-region.jpg,limite-velocidad-30
2024_10_01_12_43_35_419_-0400_1280x1280.right-region.jpg,limite-velocidad-30
2024_10_01_12_43_36_485_-0400_1280x1280.right-region.jpg,limite-velocidad-30
2024_10_01_12_44_10_421_-0400_1280x1280.left-region.jpg,ceda-el-paso
2024_10_01_12_44_10_421_-0400_1280x1280.right-region.jpg,ceda-el-paso
2024_10_01_12_44_11_386_-0400_1280x1280.right-region.jpg,ceda-el-paso
2024_10_01_12_44_13_450_-0400_1280x1280.right-region.jpg,ceda-el-paso
2024_10_01_12_48_18_406_-0400_1280x1280.right-region.jpg,pare
2024_10_01_12_48_19_438_-0400_1280x1280.right-region.jpg,pare
2024_10_01_12_48_20_404_-0400_1280x1280.right-region.jpg,pare
2024_10_01_12_48_21_459_-0400_1280x1280.right-region.jpg,pare
2024_10_01_12_48_22_468_-0400_1280x1280.right-region.jpg,pare
2024_10_01_13_13_16_438_-0400_1280x1280.left-region.jpg,pare
2024_10_01_13_13_16_438_-0400_1280x1280.right-region.jpg,pare
2024_10_01_13_13_17_438_-0400_1280x1280.left-region.jpg,pare
2024_10_01_13_13_17_438_-0400_1280x1280.right-region.jpg,pare
2024_10_01_13_13_18_432_-0400_1280x1280.right-region.jpg,pare
2024_10_01_14_54_51_425_-0400_1280x1280.left-region.jpg,prohibido-girar-izquierda
2024_10_01_14_54_53_444_-0400_1280x1280.left-region.jpg,prohibido-girar-izquierda
2024_10_01_14_54_54_409_-0400_1280x1280.left-region.jpg,prohibido-girar-izquierda
2024_10_01_15_09_45_368_-0400_1280x1280.right-region.jpg,ceda-el-paso
2024_10_01_15_09_46_368_-0400_1280x1280.right-region.jpg,ceda-el-paso
2024_10_01_15_09_47_369_-0400_1280x1280.left-region.jpg,pare
2024_10_01_15_09_47_369_-0400_1280x1280.right-region.jpg,ceda-el-paso
2024_10_01_15_09_48_437_-0400_1280x1280.left-region.jpg,pare
2024_10_01_15_09_48_437_-0400_1280x1280.right-region.jpg,ceda-el-paso
2024_10_01_15_09_49_391_-0400_1280x1280.left-region.jpg,pare
2024_10_01_15_09_49_391_-0400_1280x1280.right-region.jpg,ceda-el-paso
2024_10_01_15_09_50_423_-0400_1280x1280.left-region.jpg,pare
2024_10_01_15_12_05_434_-0400_1280x1280.left-region.jpg,pare
2024_10_01_15_12_23_423_-0400_1280x1280.right-region.jpg,limite-velocidad-30
2024_10_01_15_12_24_421_-0400_1280x1280.right-region.jpg,limite-velocidad-30
2024_10_01_15_12_25_362_-0400_1280x1280.right-region.jpg,limite-velocidad-30
2024_10_01_15_12_26_430_-0400_1280x1280.right-region.jpg,limite-velocidad-30
2024_10_01_15_13_01_737_-0400_1280x1280.left-region.jpg,ceda-el-paso
2024_10_01_15_13_02_737_-0400_1280x1280.left-region.jpg,ceda-el-paso
2024_10_01_15_13_03_271_-0400_1280x1280.left-region.jpg,ceda-el-paso
2024_10_01_15_13_03_271_-0400_1280x1280.right-region.jpg,ceda-el-paso
2024_10_01_15_13_03_829_-0400_1280x1280.left-region.jpg,ceda-el-paso
2024_10_01_15_13_03_829_-0400_1280x1280.right-region.jpg,ceda-el-paso
2024_10_01_15_13_04_405_-0400_1280x1280.left-region.jpg,ceda-el-paso
2024_10_01_15_13_04_405_-0400_1280x1280.right-region.jpg,ceda-el-paso
2024_10_01_15_13_04_961_-0400_1280x1280.left-region.jpg,ceda-el-paso
2024_10_01_15_13_04_961_-0400_1280x1280.right-region.jpg,ceda-el-paso
2024_10_01_15_13_05_539_-0400_1280x1280.left-region.jpg,ceda-el-paso
2024_10_01_15_13_05_539_-0400_1280x1280.right-region.jpg,ceda-el-paso
2024_10_01_15_13_07_426_-0400_1280x1280.right-region.jpg,ceda-el-paso
2024_10_01_15_13_08_559_-0400_1280x1280.right-region.jpg,ceda-el-paso
2024_10_01_15_15_48_464_-0400_1280x1280.right-region.jpg,pare
2024_10_01_15_15_50_401_-0400_1280x1280.right-region.jpg,pare
2024_10_01_15_15_53_436_-0400_1280x1280.right-region.jpg,pare
2024_10_01_15_15_55_472_-0400_1280x1280.right-region.jpg,pare
2024_10_01_15_16_11_383_-0400_1280x1280.right-region.jpg,pare
2024_10_01_15_16_23_378_-0400_1280x1280.right-region.jpg,pare
2024_10_01_15_16_25_376_-0400_1280x1280.right-region.jpg,pare
2024_10_01_15_16_26_443_-0400_1280x1280.right-region.jpg,pare
2024_10_01_15_16_27_410_-0400_1280x1280.right-region.jpg,pare
2024_08_18_17_40_52_601_-0400_1280x1280.left-region.jpg,zona-escolar
2024_09_08_17_08_58_138_-0400_1280x1280.left-region.jpg,prohibido-girar-izquierda
2024_09_08_17_08_58_138_-0400_1280x1280.left-region.jpg,zona-escolar
2024_09_08_17_25_06_144_-0400_1280x1280.right-region.jpg,zona-escolar
2024_09_08_17_27_57_160_-0400_1280x1280.left-region.jpg,zona-escolar
2024_09_08_17_28_03_121_-0400_1280x1280.right-region.jpg,zona-escolar
2024_09_08_17_28_09_150_-0400_1280x1280.right-region.jpg,zona-escolar
2024_09_08_17_42_18_146_-0400_1280x1280.left-region.jpg,prohibido-girar-izquierda
2024_09_08_17_51_26_155_-0400_1280x1280.left-region.jpg,zona-escolar
2024_09_08_18_12_56_136_-0400_1280x1280.right-region.jpg,zona-escolar
2024_09_08_18_12_57_101_-0400_1280x1280.right-region.jpg,zona-escolar
2024_09_08_18_27_25_127_-0400_1280x1280.left-region.jpg,prohibido-girar-izquierda
2024_09_09_09_08_46_442_-0400_1280x1280.left-region.jpg,zona-escolar
2024_09_09_09_12_48_347_-0400_1280x1280.left-region.jpg,prohibido-girar-izquierda
2024_09_09_09_12_48_347_-0400_1280x1280.left-region.jpg,zona-escolar
2024_09_09_09_13_55_346_-0400_1280x1280.right-region.jpg,limite-velocidad-40
2024_09_09_09_23_40_323_-0400_1280x1280.left-region.jpg,prohibido-girar-izquierda
2024_09_09_09_29_12_346_-0400_1280x1280.right-region.jpg,zona-escolar
2024_09_09_13_16_13_283_-0400_1280x1280.left-region.jpg,zona-escolar
2024_09_09_13_16_13_283_-0400_1280x1280.left-region.jpg,zona-escolar
2024_09_10_12_22_34_631_-0400_1280x1280.right-region.jpg,zona-escolar
2024_09_10_12_29_32_528_-0400_1280x1280.right-region.jpg,zona-escolar
2024_09_10_12_32_16_496_-0400_1280x1280.left-region.jpg,zona-escolar
2024_09_10_12_32_19_529_-0400_1280x1280.right-region.jpg,zona-escolar
2024_09_11_07_25_43_403_-0400_1280x1280.left-region.jpg,limite-velocidad-30
2024_09_11_07_30_29_318_-0400_1280x1280.right-region.jpg,zona-escolar
2024_09_11_12_47_21_904_-0400_1280x1280.right-region.jpg,zona-escolar
2024_09_11_13_37_44_837_-0400_1280x1280.left-region.jpg,pare
2024_09_11_13_39_45_823_-0400 (10 Km)_1280x1280.right-region.jpg,limite-velocidad-10
2024_09_11_13_46_42_894_-0400_1280x1280.right-region.jpg,zona-escolar
2024_09_11_14_22_49_861_-0400_1280x1280.left-region.jpg,zona-escolar
2024_09_11_14_23_17_874_-0400_1280x1280.left-region.jpg,zona-escolar
2024_09_11_14_23_17_874_-0400_1280x1280.left-region.jpg,zona-escolar
2024_09_11_14_29_01_857_-0400_1280x1280.right-region.jpg,zona-escolar
2024_09_12_11_59_56_739_-0400_1280x1280.right-region.jpg,limite-velocidad-35
2024_09_12_12_42_19_684_-0400_1280x1280.right-region.jpg,zona-escolar
2024_09_12_12_47_52_733_-0400_1280x1280.left-region.jpg,prohibido-girar-izquierda
2024_09_12_12_48_59_685_-0400_1280x1280.right-region.jpg,pare
2024_09_12_12_48_59_685_-0400_1280x1280.right-region.jpg,pare
2024_09_12_12_49_08_648_-0400_1280x1280.left-region.jpg,pare
2024_09_12_12_52_57_705_-0400_1280x1280.left-region.jpg,zona-escolar
2024_09_12_12_53_02_707_-0400_1280x1280.left-region.jpg,zona-escolar
2024_09_12_12_53_03_673_-0400_1280x1280.left-region.jpg,zona-escolar
2024_09_12_12_55_23_758_-0400_1280x1280.right-region.jpg,limite-velocidad-30
2024_09_16_11_10_28_343_-0400_1280x1280.right-region.jpg,zona-escolar
2024_09_18_07_19_06_985_-0400_1280x1280.right-region.jpg,limite-velocidad-30
2024_09_18_07_22_49_029_-0400_1280x1280.right-region.jpg,zona-escolar
2024_09_18_07_23_12_090_-0400_1280x1280.right-region.jpg,zona-escolar
2024_09_20_13_49_59_216_-0400_1280x1280.right-region.jpg,zona-escolar
2024_09_20_13_51_41_212_-0400_1280x1280.right-region.jpg,pare
2024_09_21_10_12_42_106_-0400_1280x1280.right-region.jpg,zona-escolar
2024_09_21_10_59_11_022_-0400_1280x1280.right-region.jpg,limite-velocidad-35
2024_09_21_11_02_10_023_-0400_1280x1280.left-region.jpg,limite-velocidad-20
2024_09_21_11_02_33_994_-0400_1280x1280.left-region.jpg,prohibido-girar-u
2024_09_24_18_41_16_409_-0400_1280x1280.right-region.jpg,pare
2024_09_25_09_04_39_227_-0400_1280x1280.right-region.jpg,pare
2024_09_26_12_58_17_126_-0400_1280x1280.right-region.jpg,zona-escolar
2024_09_26_15_01_08_348_-0400_1280x1280.right-region.jpg,zona-escolar
2024_09_26_15_04_02_281_-0400_1280x1280.right-region.jpg,prohibido-girar-izquierda
2024_09_26_15_04_07_376_-0400_1280x1280.left-region.jpg,prohibido-girar-izquierda
2024_09_26_15_13_46_329_-0400_1280x1280.right-region.jpg,zona-escolar
2024_09_26_15_13_54_339_-0400_1280x1280.right-region.jpg,zona-escolar
2024_09_26_15_16_05_273_-0400_1280x1280.left-region.jpg,prohibido-girar-izquierda
2024_09_26_15_16_06_337_-0400_1280x1280.left-region.jpg,prohibido-girar-izquierda
2024_09_26_15_16_07_272_-0400_1280x1280.left-region.jpg,prohibido-girar-izquierda
2024_09_26_15_19_56_266_-0400_1280x1280.left-region.jpg,prohibido-girar-izquierda
2024_09_26_15_24_52_265_-0400_1280x1280.left-region.jpg,zona-escolar
2024_09_26_15_30_43_345_-0400_1280x1280.left-region.jpg,prohibido-girar-izquierda
2024_09_26_15_37_21_256_-0400_1280x1280.right-region.jpg,limite-velocidad-40
2024_09_26_15_38_53_282_-0400_1280x1280.left-region.jpg,zona-escolar
2024_09_26_15_38_53_282_-0400_1280x1280.left-region.jpg,zona-escolar
2024_09_26_17_47_55_217_-0400_1280x1280.left-region.jpg,zona-escolar
2024_09_26_17_48_21_300_-0400_1280x1280.right-region.jpg,zona-escolar
2024_09_26_17_49_45_249_-0400_1280x1280.left-region.jpg,prohibido-girar-izquierda
2024_09_26_17_55_58_324_-0400_1280x1280.right-region.jpg,pare
2024_09_26_18_01_20_274_-0400_1280x1280.right-region.jpg,prohibido-girar-derecha
2024_09_26_18_09_06_317_-0400_1280x1280.left-region.jpg,prohibido-girar-izquierda
2024_09_26_18_09_17_272_-0400_1280x1280.left-region.jpg,prohibido-girar-izquierda
2024_09_26_18_11_44_266_-0400_1280x1280.right-region.jpg,paso-peatonal
2024_09_26_18_11_44_266_-0400_1280x1280.right-region.jpg,prohibido-girar-derecha
2024_09_26_18_12_47_356_-0400_1280x1280.left-region.jpg,pare
2024_09_26_18_16_45_253_-0400_1280x1280.left-region.jpg,ceda-el-paso
2024_09_26_18_19_30_285_-0400_1280x1280.right-region.jpg,pare
2024_09_26_18_19_37_280_-0400_1280x1280.right-region.jpg,pare
2024_09_26_18_25_16_300_-0400_1280x1280.right-region.jpg,zona-escolar
2024_09_27_09_59_43_154_-0400_1280x1280.left-region.jpg,prohibido-girar-izquierda
2024_09_27_10_00_38_156_-0400_1280x1280.right-region.jpg,pare
2024_09_27_10_28_32_085_-0400_1280x1280.left-region.jpg,prohibido-girar-izquierda
2024_09_27_10_29_48_103_-0400_1280x1280.left-region.jpg,paso-peatonal
2024_09_27_10_29_48_103_-0400_1280x1280.left-region.jpg,prohibido-girar-derecha
2024_09_27_10_29_48_103_-0400_1280x1280.left-region.jpg,prohibido-girar-izquierda
2024_09_27_10_29_48_103_-0400_1280x1280.left-region.jpg,prohibido-girar-u
2024_09_27_10_30_29_110_-0400_1280x1280.right-region.jpg,ceda-el-paso
2024_09_27_10_33_04_068_-0400_1280x1280.right-region.jpg,limite-velocidad-30
2024_09_27_10_35_16_054_-0400_1280x1280.left-region.jpg,pare-horizontal
2024_09_27_10_37_54_121_-0400_1280x1280.left-region.jpg,pare
2024_09_27_10_37_55_082_-0400_1280x1280.right-region.jpg,pare
2024_09_27_10_37_58_113_-0400_1280x1280.left-region.jpg,pare
2024_09_27_10_38_00_153_-0400_1280x1280.right-region.jpg,pare
2024_09_27_10_40_37_110_-0400_1280x1280.right-region.jpg,limite-velocidad-30
2024_09_27_10_44_42_112_-0400_1280x1280.right-region.jpg,prohibido-girar-derecha
2024_09_27_10_44_46_119_-0400_1280x1280.left-region.jpg,prohibido-girar-derecha
2024_09_27_10_44_49_019_-0400_1280x1280.right-region.jpg,prohibido-girar-derecha
2024_09_27_10_45_04_372_-0400_1280x1280.right-region.jpg,zona-escolar
2024_09_27_10_45_05_154_-0400_1280x1280.right-region.jpg,zona-escolar
2024_09_27_10_46_18_091_-0400_1280x1280.right-region.jpg,limite-velocidad-35
2024_09_27_13_28_24_107_-0400_1280x1280.right-region.jpg,limite-velocidad-10
2024_09_27_13_30_28_055_-0400_1280x1280.right-region.jpg,pare
2024_09_27_13_38_20_317_-0400_1280x1280.right-region.jpg,zona-escolar
2024_09_27_15_21_17_085_-0400_1280x1280.left-region.jpg,zona-escolar
2024_09_27_15_21_23_095_-0400_1280x1280.left-region.jpg,zona-escolar
2024_09_27_15_55_38_001_-0400_1280x1280.left-region.jpg,prohibido-girar-izquierda
2024_09_27_16_03_41_064_-0400_1280x1280.right-region.jpg,ceda-el-paso
2024_09_27_16_06_02_095_-0400_1280x1280.left-region.jpg,pare
2024_09_27_16_10_10_383_-0400_1280x1280.right-region.jpg,pare
2024_09_27_16_10_12_019_-0400_1280x1280.right-region.jpg,pare
2024_10_01_12_39_49_429_-0400_1280x1280.left-region.jpg,prohibido-girar-u
2024_10_01_12_39_49_429_-0400_1280x1280.left-region.jpg,prohibido-girar-izquierda
2024_10_01_12_40_45_425_-0400_1280x1280.right-region.jpg,ceda-el-paso
2024_10_01_12_40_47_483_-0400_1280x1280.right-region.jpg,ceda-el-paso
2024_10_01_12_43_01_428_-0400_1280x1280.left-region.jpg,pare
2024_10_01_12_44_12_452_-0400_1280x1280.right-region.jpg,ceda-el-paso
2024_10_01_12_48_18_406_-0400_1280x1280.left-region.jpg,pare
2024_10_01_14_54_52_392_-0400_1280x1280.left-region.jpg,prohibido-girar-izquierda
2024_10_01_15_12_07_366_-0400_1280x1280.left-region.jpg,pare
2024_10_01_15_12_22_360_-0400_1280x1280.right-region.jpg,limite-velocidad-30
2024_10_01_15_13_06_174_-0400_1280x1280.right-region.jpg,ceda-el-paso
2024_08_18_17_40_56_567_-0400_1280x1280.left-region.jpg,prohibido-girar-izquierda
2024_09_08_17_15_38_176_-0400_1280x1280.left-region.jpg,prohibido-girar-izquierda
2024_09_08_17_28_04_206_-0400_1280x1280.right-region.jpg,zona-escolar
2024_09_08_17_40_05_200_-0400_1280x1280.right-region.jpg,zona-escolar
2024_09_08_17_43_05_175_-0400_1280x1280.left-region.jpg,prohibido-girar-izquierda
2024_09_08_17_43_06_121_-0400_1280x1280.left-region.jpg,prohibido-girar-izquierda
2024_09_08_17_46_32_087_-0400_1280x1280.right-region.jpg,zona-escolar
2024_09_08_17_46_44_120_-0400_1280x1280.right-region.jpg,zona-escolar
2024_09_08_17_46_45_169_-0400_1280x1280.right-region.jpg,zona-escolar
2024_09_08_17_46_46_142_-0400_1280x1280.left-region.jpg,zona-escolar
2024_09_08_17_51_27_172_-0400_1280x1280.right-region.jpg,zona-escolar
2024_09_08_18_00_47_098_-0400_1280x1280.left-region.jpg,prohibido-girar-izquierda
2024_09_08_18_27_27_123_-0400_1280x1280.left-region.jpg,prohibido-girar-u
2024_09_09_09_12_43_353_-0400_1280x1280.left-region.jpg,prohibido-girar-izquierda
2024_09_09_09_12_43_353_-0400_1280x1280.left-region.jpg,zona-escolar
2024_09_09_09_12_46_319_-0400_1280x1280.left-region.jpg,prohibido-girar-izquierda
2024_09_09_09_12_46_319_-0400_1280x1280.left-region.jpg,zona-escolar
2024_09_09_09_12_46_319_-0400_1280x1280.right-region.jpg,prohibido-girar-izquierda
2024_09_09_09_12_50_245_-0400_1280x1280.left-region.jpg,zona-escolar
2024_09_09_09_12_50_245_-0400_1280x1280.left-region.jpg,prohibido-girar-izquierda
2024_09_09_09_13_56_278_-0400_1280x1280.right-region.jpg,limite-velocidad-40
2024_09_09_09_21_48_264_-0400_1280x1280.left-region.jpg,prohibido-girar-izquierda
2024_09_09_09_21_48_264_-0400_1280x1280.left-region.jpg,zona-escolar
2024_09_09_09_21_50_228_-0400_1280x1280.left-region.jpg,prohibido-girar-izquierda
2024_09_09_09_22_19_315_-0400_1280x1280.right-region.jpg,prohibido-girar-izquierda
2024_09_09_11_46_15_254_-0400_1280x1280.left-region.jpg,prohibido-girar-izquierda
2024_09_09_11_46_15_254_-0400_1280x1280.left-region.jpg,zona-escolar
2024_09_09_13_14_11_255_-0400_1280x1280.left-region.jpg,prohibido-girar-izquierda
2024_09_09_13_14_22_267_-0400 (40 Km)_1280x1280.left-region.jpg,limite-velocidad-40
2024_09_09_13_16_09_273_-0400_1280x1280.left-region.jpg,zona-escolar
2024_09_09_13_16_09_273_-0400_1280x1280.left-region.jpg,zona-escolar
2024_09_09_13_16_11_206_-0400_1280x1280.left-region.jpg,zona-escolar
2024_09_09_13_16_11_206_-0400_1280x1280.left-region.jpg,zona-escolar
2024_09_09_13_16_34_225_-0400_1280x1280.right-region.jpg,zona-escolar
2024_09_10_12_29_21_446_-0400_1280x1280.right-region.jpg,zona-escolar
2024_09_10_12_29_33_504_-0400_1280x1280.right-region.jpg,zona-escolar
2024_09_10_12_29_41_427_-0400_1280x1280.left-region.jpg,zona-escolar
2024_09_10_12_32_17_558_-0400_1280x1280.left-region.jpg,zona-escolar
2024_09_10_12_32_19_529_-0400_1280x1280.left-region.jpg,zona-escolar
2024_09_10_12_32_22_561_-0400_1280x1280.right-region.jpg,zona-escolar
2024_09_11_07_23_42_552_-0400_1280x1280.right-region.jpg,zona-escolar
2024_09_11_07_24_08_473_-0400_1280x1280.left-region.jpg,zona-escolar
2024_09_11_07_24_09_386_-0400_1280x1280.right-region.jpg,zona-escolar
2024_09_11_07_25_16_543_-0400_1280x1280.left-region.jpg,zona-escolar
2024_09_11_07_25_16_543_-0400_1280x1280.left-region.jpg,zona-escolar
2024_09_11_07_25_16_543_-0400_1280x1280.left-region.jpg,zona-escolar
2024_09_11_07_25_16_543_-0400_1280x1280.right-region.jpg,zona-escolar
2024_09_11_07_25_39_361_-0400_1280x1280.left-region.jpg,limite-velocidad-30
2024_09_11_07_25_43_403_-0400_1280x1280.right-region.jpg,limite-velocidad-30
2024_09_11_07_25_46_397_-0400_1280x1280.right-region.jpg,limite-velocidad-30
2024_09_11_07_26_40_362_-0400_1280x1280.left-region.jpg,zona-escolar
2024_09_11_13_10_35_899_-0400_1280x1280.right-region.jpg,pare
2024_09_11_13_39_48_856_-0400_1280x1280.right-region.jpg,limite-velocidad-10
2024_09_11_13_46_28_908_-0400_1280x1280.left-region.jpg,zona-escolar
2024_09_11_13_46_29_861_-0400_1280x1280.left-region.jpg,zona-escolar
2024_09_11_13_46_42_894_-0400_1280x1280.left-region.jpg,zona-escolar
2024_09_11_13_48_35_886_-0400_1280x1280.left-region.jpg,prohibido-girar-izquierda
2024_09_11_14_12_49_858_-0400_1280x1280.right-region.jpg,zona-escolar
2024_09_11_14_12_50_823_-0400_1280x1280.right-region.jpg,zona-escolar
2024_09_11_14_26_31_892_-0400_1280x1280.right-region.jpg,zona-escolar
2024_09_12_11_59_51_714_-0400_1280x1280.right-region.jpg,limite-velocidad-35
2024_09_12_11_59_54_677_-0400_1280x1280.right-region.jpg,limite-velocidad-35
2024_09_12_12_01_05_728_-0400_1280x1280.right-region.jpg,zona-escolar
2024_09_12_12_01_06_745_-0400_1280x1280.right-region.jpg,zona-escolar
2024_09_12_12_01_08_774_-0400_1280x1280.right-region.jpg,zona-escolar
2024_09_12_12_42_24_718_-0400_1280x1280.right-region.jpg,zona-escolar
2024_09_12_12_48_20_045_-0400_1280x1280.right-region.jpg,zona-escolar
2024_09_12_12_48_20_733_-0400_1280x1280.right-region.jpg,zona-escolar
2024_09_12_12_48_21_677_-0400_1280x1280.right-region.jpg,zona-escolar
2024_09_12_12_49_00_661_-0400_1280x1280.right-region.jpg,pare
2024_09_12_12_49_00_661_-0400_1280x1280.right-region.jpg,pare
2024_09_12_12_49_01_726_-0400_1280x1280.right-region.jpg,pare
2024_09_12_12_49_03_759_-0400_1280x1280.right-region.jpg,pare
2024_09_12_12_49_04_783_-0400_1280x1280.right-region.jpg,pare
2024_09_12_12_49_05_690_-0400_1280x1280.right-region.jpg,pare
2024_09_12_12_49_09_755_-0400_1280x1280.left-region.jpg,pare
2024_09_12_12_52_57_705_-0400_1280x1280.right-region.jpg,zona-escolar
2024_09_12_12_52_59_678_-0400_1280x1280.left-region.jpg,zona-escolar
2024_09_12_12_52_59_678_-0400_1280x1280.right-region.jpg,zona-escolar
2024_09_12_12_52_59_678_-0400_1280x1280.right-region.jpg,paso-peatonal
2024_09_12_12_53_15_673_-0400_1280x1280.right-region.jpg,zona-escolar
2024_09_12_12_53_15_673_-0400_1280x1280.right-region.jpg,zona-escolar
2024_09_12_12_53_17_737_-0400_1280x1280.left-region.jpg,zona-escolar
2024_09_12_12_53_17_737_-0400_1280x1280.left-region.jpg,zona-escolar
2024_09_12_12_53_19_698_-0400_1280x1280.left-region.jpg,zona-escolar
2024_09_12_12_53_19_698_-0400_1280x1280.left-region.jpg,zona-escolar
2024_09_12_13_00_52_697_-0400_1280x1280.right-region.jpg,zona-escolar
2024_09_12_13_00_55_715_-0400_1280x1280.right-region.jpg,zona-escolar
2024_09_18_07_19_46_067_-0400_1280x1280.right-region.jpg,zona-escolar
2024_09_18_07_19_53_823_-0400_1280x1280.right-region.jpg,zona-escolar
2024_09_18_07_20_15_028_-0400_1280x1280.right-region.jpg,zona-escolar
2024_09_18_07_22_49_029_-0400_1280x1280.left-region.jpg,zona-escolar
2024_09_18_12_06_21_004_-0400_1280x1280.right-region.jpg,zona-escolar
2024_09_20_11_48_19_199_-0400_1280x1280.right-region.jpg,zona-escolar
2024_09_20_13_49_55_186_-0400_1280x1280.right-region.jpg,zona-escolar
2024_09_20_13_51_47_523_-0400_1280x1280.right-region.jpg,pare
2024_09_21_10_12_44_071_-0400_1280x1280.right-region.jpg,zona-escolar
2024_09_21_10_13_01_123_-0400_1280x1280.right-region.jpg,zona-escolar
2024_09_21_10_40_05_013_-0400_1280x1280.right-region.jpg,limite-velocidad-35
2024_09_21_10_40_06_012_-0400_1280x1280.right-region.jpg,limite-velocidad-35
2024_09_21_11_02_07_976_-0400_1280x1280.left-region.jpg,limite-velocidad-20
2024_09_21_11_02_07_976_-0400_1280x1280.right-region.jpg,limite-velocidad-20
2024_09_21_11_02_11_088_-0400_1280x1280.left-region.jpg,limite-velocidad-20
2024_09_21_11_02_56_987_-0400_1280x1280.left-region.jpg,zona-escolar
2024_09_21_11_02_58_085_-0400_1280x1280.left-region.jpg,zona-escolar
2024_09_21_11_03_35_086_-0400_1280x1280.right-region.jpg,zona-escolar
2024_09_21_11_03_36_057_-0400_1280x1280.right-region.jpg,zona-escolar
2024_09_25_08_55_43_221_-0400_1280x1280.right-region.jpg,zona-escolar
2024_09_25_08_57_23_199_-0400_1280x1280.right-region.jpg,zona-escolar
2024_09_26_12_58_18_128_-0400_1280x1280.left-region.jpg,zona-escolar
2024_09_26_12_58_27_983_-0400_1280x1280.left-region.jpg,zona-escolar
2024_09_26_12_58_32_017_-0400_1280x1280.left-region.jpg,zona-escolar
2024_09_26_13_07_27_003_-0400_1280x1280.left-region.jpg,zona-escolar
2024_09_26_13_10_14_991_-0400_1280x1280.right-region.jpg,pare
2024_09_26_15_01_06_283_-0400_1280x1280.right-region.jpg,zona-escolar
2024_09_26_15_04_04_365_-0400_1280x1280.left-region.jpg,prohibido-girar-izquierda
2024_09_26_15_04_47_312_-0400_1280x1280.right-region.jpg,paso-peatonal
2024_09_26_15_04_47_312_-0400_1280x1280.right-region.jpg,limite-velocidad-35
2024_09_26_15_04_50_276_-0400_1280x1280.left-region.jpg,paso-peatonal
2024_09_26_15_13_56_256_-0400_1280x1280.left-region.jpg,zona-escolar
2024_09_26_15_19_58_300_-0400_1280x1280.left-region.jpg,prohibido-girar-izquierda
2024_09_26_15_19_59_287_-0400_1280x1280.left-region.jpg,prohibido-girar-izquierda
2024_09_26_15_20_12_345_-0400_1280x1280.left-region.jpg,prohibido-girar-u
2024_09_26_15_24_27_234_-0400_1280x1280.right-region.jpg,zona-escolar
2024_09_26_15_24_31_300_-0400_1280x1280.left-region.jpg,zona-escolar
2024_09_26_15_24_33_296_-0400_1280x1280.left-region.jpg,zona-escolar
2024_09_26_15_30_37_385_-0400_1280x1280.left-region.jpg,prohibido-girar-izquierda
2024_09_26_15_30_39_351_-0400_1280x1280.left-region.jpg,prohibido-girar-izquierda
2024_09_26_15_30_41_341_-0400_1280x1280.left-region.jpg,prohibido-girar-izquierda
2024_09_26_15_30_42_319_-0400_1280x1280.left-region.jpg,prohibido-girar-izquierda
2024_09_26_15_30_46_338_-0400_1280x1280.left-region.jpg,prohibido-girar-izquierda
2024_09_26_15_31_54_363_-0400_1280x1280.left-region.jpg,prohibido-girar-izquierda
2024_09_26_15_33_56_261_-0400_1280x1280.right-region.jpg,prohibido-girar-derecha
2024_09_26_15_34_08_313_-0400_1280x1280.left-region.jpg,zona-escolar
2024_09_26_15_37_16_322_-0400_1280x1280.right-region.jpg,limite-velocidad-40
2024_09_26_15_37_19_222_-0400 (40 Km)_1280x1280.right-region.jpg,limite-velocidad-40
2024_09_26_15_37_34_278_-0400_1280x1280.right-region.jpg,pare
2024_09_26_15_37_39_241_-0400_1280x1280.right-region.jpg,pare
2024_09_26_15_38_53_282_-0400_1280x1280.right-region.jpg,zona-escolar
2024_09_26_15_38_53_282_-0400_1280x1280.right-region.jpg,zona-escolar
2024_09_26_15_38_55_262_-0400_1280x1280.right-region.jpg,zona-escolar
2024_09_26_15_38_55_262_-0400_1280x1280.right-region.jpg,zona-escolar
2024_09_26_15_49_18_333_-0400_1280x1280.right-region.jpg,zona-escolar
2024_09_26_15_49_20_358_-0400_1280x1280.right-region.jpg,zona-escolar
2024_09_26_15_49_21_268_-0400_1280x1280.right-region.jpg,zona-escolar
2024_09_26_17_47_55_217_-0400_1280x1280.right-region.jpg,zona-escolar
2024_09_26_17_55_56_289_-0400_1280x1280.right-region.jpg,pare
2024_09_26_17_56_05_203_-0400_1280x1280.right-region.jpg,pare
2024_09_26_17_56_38_249_-0400_1280x1280.left-region.jpg,pare-horizontal
2024_09_26_17_57_48_218_-0400 (PARE HORIZONTAL)_1280x1280.left-region.jpg,pare-horizontal
2024_09_26_18_01_19_210_-0400_1280x1280.right-region.jpg,prohibido-girar-derecha
2024_09_26_18_05_26_239_-0400_1280x1280.right-region.jpg,zona-escolar
2024_09_26_18_08_48_277_-0400_1280x1280.left-region.jpg,prohibido-girar-izquierda
2024_09_26_18_08_50_244_-0400_1280x1280.left-region.jpg,prohibido-girar-izquierda
2024_09_26_18_10_00_299_-0400_1280x1280.left-region.jpg,prohibido-girar-izquierda
2024_09_26_18_10_33_221_-0400_1280x1280.left-region.jpg,prohibido-girar-izquierda
2024_09_26_18_11_42_199_-0400_1280x1280.left-region.jpg,prohibido-girar-derecha
2024_09_26_18_11_42_199_-0400_1280x1280.left-region.jpg,prohibido-girar-u
2024_09_26_18_11_44_266_-0400_1280x1280.left-region.jpg,prohibido-girar-izquierda
2024_09_26_18_15_35_251_-0400_1280x1280.left-region.jpg,pare
2024_09_26_18_15_41_270_-0400_1280x1280.left-region.jpg,pare
2024_09_26_18_15_43_271_-0400_1280x1280.left-region.jpg,pare
2024_09_26_18_15_49_284_-0400_1280x1280.left-region.jpg,pare
2024_09_26_18_15_50_313_-0400_1280x1280.left-region.jpg,pare
2024_09_26_18_15_51_265_-0400_1280x1280.left-region.jpg,pare
2024_09_26_18_15_53_248_-0400_1280x1280.left-region.jpg,pare
2024_09_26_18_16_00_302_-0400_1280x1280.right-region.jpg,limite-velocidad-30
2024_09_26_18_16_02_199_-0400_1280x1280.right-region.jpg,limite-velocidad-30
2024_09_26_18_16_44_290_-0400_1280x1280.right-region.jpg,ceda-el-paso
2024_09_26_18_19_35_264_-0400_1280x1280.left-region.jpg,pare
2024_09_26_18_19_39_209_-0400_1280x1280.right-region.jpg,pare
2024_09_26_18_25_44_293_-0400_1280x1280.left-region.jpg,zona-escolar
2024_09_27_09_59_41_123_-0400_1280x1280.left-region.jpg,prohibido-girar-izquierda
2024_09_27_09_59_41_123_-0400_1280x1280.left-region.jpg,zona-escolar
2024_09_27_10_00_34_132_-0400_1280x1280.right-region.jpg,pare
2024_09_27_10_00_35_194_-0400_1280x1280.left-region.jpg,pare
2024_09_27_10_00_40_120_-0400_1280x1280.right-region.jpg,pare
2024_09_27_10_21_16_093_-0400_1280x1280.right-region.jpg,prohibido-girar-izquierda
2024_09_27_10_22_40_137_-0400_1280x1280.right-region.jpg,zona-escolar
2024_09_27_10_22_43_141_-0400_1280x1280.right-region.jpg,zona-escolar
2024_09_27_10_22_51_069_-0400_1280x1280.right-region.jpg,zona-escolar
2024_09_27_10_28_30_151_-0400_1280x1280.left-region.jpg,prohibido-girar-izquierda
2024_09_27_10_28_35_085_-0400_1280x1280.left-region.jpg,prohibido-girar-izquierda
2024_09_27_10_28_37_173_-0400_1280x1280.left-region.jpg,prohibido-girar-izquierda
2024_09_27_10_29_49_138_-0400_1280x1280.left-region.jpg,prohibido-girar-u
2024_09_27_10_29_49_138_-0400_1280x1280.left-region.jpg,prohibido-girar-izquierda
2024_09_27_10_29_49_138_-0400_1280x1280.left-region.jpg,prohibido-girar-derecha
2024_09_27_10_29_49_138_-0400_1280x1280.left-region.jpg,paso-peatonal
2024_09_27_10_29_52_173_-0400_1280x1280.right-region.jpg,paso-peatonal
2024_09_27_10_29_52_173_-0400_1280x1280.right-region.jpg,prohibido-girar-derecha
2024_09_27_10_30_27_068_-0400_1280x1280.right-region.jpg,ceda-el-paso
2024_09_27_10_30_30_109_-0400_1280x1280.left-region.jpg,pare
2024_09_27_10_30_30_109_-0400_1280x1280.right-region.jpg,ceda-el-paso
2024_09_27_10_32_41_058_-0400_1280x1280.left-region.jpg,pare
2024_09_27_10_32_43_084_-0400_1280x1280.left-region.jpg,pare
2024_09_27_10_32_50_151_-0400_1280x1280.left-region.jpg,pare
2024_09_27_10_33_40_083_-0400_1280x1280.left-region.jpg,ceda-el-paso
2024_09_27_10_33_43_085_-0400_1280x1280.right-region.jpg,ceda-el-paso
2024_09_27_10_35_18_083_-0400_1280x1280.left-region.jpg,pare-horizontal
2024_09_27_10_37_53_116_-0400_1280x1280.right-region.jpg,pare
2024_09_27_10_37_54_121_-0400_1280x1280.right-region.jpg,pare
2024_09_27_10_37_56_147_-0400_1280x1280.right-region.jpg,pare
2024_09_27_10_37_57_154_-0400_1280x1280.right-region.jpg,pare
2024_09_27_10_37_58_113_-0400_1280x1280.right-region.jpg,pare
2024_09_27_10_38_01_148_-0400_1280x1280.left-region.jpg,pare
2024_09_27_10_38_03_121_-0400_1280x1280.right-region.jpg,pare
2024_09_27_10_40_35_079_-0400_1280x1280.right-region.jpg,limite-velocidad-30
2024_09_27_10_40_38_100_-0400_1280x1280.right-region.jpg,limite-velocidad-30
2024_09_27_10_41_41_076_-0400_1280x1280.right-region.jpg,zona-escolar
2024_09_27_10_44_41_135_-0400_1280x1280.right-region.jpg,prohibido-girar-derecha
2024_09_27_10_44_44_485_-0400_1280x1280.right-region.jpg,prohibido-girar-derecha
2024_09_27_10_44_45_154_-0400_1280x1280.left-region.jpg,prohibido-girar-derecha
2024_09_27_10_45_03_152_-0400_1280x1280.left-region.jpg,zona-escolar
2024_09_27_10_46_14_740_-0400_1280x1280.right-region.jpg,limite-velocidad-35
2024_09_27_10_46_15_306_-0400_1280x1280.right-region.jpg,limite-velocidad-35
2024_09_27_10_46_29_558_-0400_1280x1280.right-region.jpg,zona-escolar
2024_09_27_10_48_30_050_-0400_1280x1280.right-region.jpg,zona-escolar
2024_09_27_13_26_37_407_-0400_1280x1280.left-region.jpg,pare
2024_09_27_13_28_24_107_-0400_1280x1280.left-region.jpg,limite-velocidad-10
2024_09_27_15_16_36_156_-0400_1280x1280.left-region.jpg,prohibido-girar-izquierda
2024_09_27_15_16_38_021_-0400_1280x1280.left-region.jpg,prohibido-girar-izquierda
2024_09_27_15_17_43_104_-0400_1280x1280.left-region.jpg,prohibido-girar-izquierda
2024_09_27_15_20_43_986_-0400_1280x1280.right-region.jpg,prohibido-girar-derecha
2024_09_27_15_20_50_055_-0400_1280x1280.right-region.jpg,prohibido-girar-derecha
2024_09_27_15_24_48_030_-0400_1280x1280.left-region.jpg,zona-escolar
2024_09_27_15_55_38_001_-0400_1280x1280.right-region.jpg,prohibido-girar-izquierda
2024_09_27_15_55_52_025_-0400_1280x1280.right-region.jpg,prohibido-girar-izquierda
2024_09_27_15_56_50_100_-0400_1280x1280.right-region.jpg,zona-escolar
2024_09_27_16_03_00_050_-0400_1280x1280.right-region.jpg,prohibido-girar-derecha
2024_09_27_16_03_00_050_-0400_1280x1280.right-region.jpg,paso-peatonal
2024_09_27_16_03_42_060_-0400_1280x1280.right-region.jpg,ceda-el-paso
2024_09_27_16_03_43_994_-0400_1280x1280.right-region.jpg,ceda-el-paso
2024_09_27_16_05_59_063_-0400_1280x1280.right-region.jpg,pare
2024_09_27_16_06_16_010_-0400_1280x1280.right-region.jpg,limite-velocidad-30
2024_09_27_16_06_20_006_-0400_1280x1280.right-region.jpg,limite-velocidad-30
2024_09_27_16_06_56_090_-0400_1280x1280.right-region.jpg,ceda-el-paso
2024_09_27_16_06_59_026_-0400 (ceda el paso)_1280x1280.right-region.jpg,ceda-el-paso
2024_09_27_16_10_11_050_-0400_1280x1280.right-region.jpg,pare
2024_09_27_16_12_33_998_-0400_1280x1280.right-region.jpg,limite-velocidad-30
2024_09_27_16_16_06_280_-0400_1280x1280.right-region.jpg,zona-escolar
2024_09_27_16_16_07_048_-0400_1280x1280.right-region.jpg,zona-escolar
2024_09_27_16_17_52_044_-0400_1280x1280.right-region.jpg,zona-escolar
2024_09_27_16_19_13_625_-0400_1280x1280.right-region.jpg,zona-escolar
2024_10_01_12_37_06_438_-0400_1280x1280.left-region.jpg,prohibido-girar-izquierda
2024_10_01_12_37_10_401_-0400_1280x1280.left-region.jpg,prohibido-girar-izquierda
2024_10_01_12_39_52_427_-0400_1280x1280.left-region.jpg,prohibido-girar-izquierda
2024_10_01_12_43_34_441_-0400_1280x1280.right-region.jpg,limite-velocidad-30
2024_10_01_12_44_11_386_-0400_1280x1280.left-region.jpg,ceda-el-paso
2024_10_01_12_48_17_439_-0400_1280x1280.left-region.jpg,pare
2024_10_01_12_48_17_439_-0400_1280x1280.right-region.jpg,pare
2024_10_01_13_13_19_442_-0400_1280x1280.right-region.jpg,pare
2024_10_01_13_13_20_402_-0400_1280x1280.right-region.jpg,pare
2024_10_01_15_09_44_401_-0400_1280x1280.right-region.jpg,ceda-el-paso
2024_10_01_15_12_21_417_-0400_1280x1280.right-region.jpg,limite-velocidad-30
2024_10_01_15_13_02_737_-0400_1280x1280.right-region.jpg,ceda-el-paso
2024_10_01_15_13_06_762_-0400_1280x1280.right-region.jpg,ceda-el-paso
2024_10_01_15_13_07_993_-0400_1280x1280.right-region.jpg,ceda-el-paso
2024_10_01_15_15_49_435_-0400_1280x1280.right-region.jpg,pare
2024_10_01_15_15_51_422_-0400_1280x1280.right-region.jpg,pare
